-180 -90 0,
-180 -88 0,
-180 -86 0,
-180 -84 0,
-180 -82 0,
-180 -80 0,
-180 -78 0,
-180 -76 0,
-180 -74 0,
-180 -72 0,
-180 -70 0,
-180 -68 0,
-180 -66 0,
-180 -64 0,
-180 -62 0,
-180 -60 0,
-180 -58 0,
-180 -56 0,
-180 -54 0,
-180 -52 0,
-180 -50 0,
-180 -48 0,
-180 -46 0,
-180 -44 0,
-180 -42 0,
-180 -40 0,
-180 -38 0,
-180 -36 0,
-180 -34 0,
-180 -32 0,
-180 -30 0,
-180 -28 0,
-180 -26 0,
-180 -24 0,
-180 -22 0,
-180 -20 0,
-180 -18 0,
-180 -16 0,
-180 -14 0,
-180 -12 0,
-180 -10 0,
-180 -8 0,
-180 -6 0,
-180 -4 0,
-180 -2 0,
-180 0 0,
-180 2 0,
-180 4 0,
-180 6 0,
-180 8 0,
-180 10 0,
-180 12 0,
-180 14 0,
-180 16 0,
-180 18 0,
-180 20 0,
-180 22 0,
-180 24 0,
-180 26 0,
-180 28 0,
-180 30 0,
-180 32 0,
-180 34 0,
-180 36 0,
-180 38 0,
-180 40 0,
-180 42 0,
-180 44 0,
-180 46 0,
-180 48 0,
-180 50 0,
-180 52 0,
-180 54 0,
-180 56 0,
-180 58 0,
-180 60 0,
-180 62 0,
-180 64 0,
-180 66 0,
-180 68 0,
-180 70 0,
-180 72 0,
-180 74 0,
-180 76 0,
-180 78 0,
-180 80 0,
-180 82 0,
-180 84 0,
-180 86 0,
-180 88 0,
-180 90 0,
-178 -90 0,
-178 -88 0,
-178 -86 0,
-178 -84 0,
-178 -82 0,
-178 -80 0,
-178 -78 0,
-178 -76 0,
-178 -74 0,
-178 -72 0,
-178 -70 0,
-178 -68 0,
-178 -66 0,
-178 -64 0,
-178 -62 0,
-178 -60 0,
-178 -58 0,
-178 -56 0,
-178 -54 0,
-178 -52 0,
-178 -50 0,
-178 -48 0,
-178 -46 0,
-178 -44 0,
-178 -42 0,
-178 -40 0,
-178 -38 0,
-178 -36 0,
-178 -34 0,
-178 -32 0,
-178 -30 0,
-178 -28 0,
-178 -26 0,
-178 -24 0,
-178 -22 0,
-178 -20 0,
-178 -18 0,
-178 -16 0,
-178 -14 0,
-178 -12 0,
-178 -10 0,
-178 -8 0,
-178 -6 0,
-178 -4 0,
-178 -2 0,
-178 0 0,
-178 2 0,
-178 4 0,
-178 6 0,
-178 8 0,
-178 10 0,
-178 12 0,
-178 14 0,
-178 16 0,
-178 18 0,
-178 20 0,
-178 22 0,
-178 24 0,
-178 26 0,
-178 28 0,
-178 30 0,
-178 32 0,
-178 34 0,
-178 36 0,
-178 38 0,
-178 40 0,
-178 42 0,
-178 44 0,
-178 46 0,
-178 48 0,
-178 50 0,
-178 52 0,
-178 54 0,
-178 56 0,
-178 58 0,
-178 60 0,
-178 62 0,
-178 64 0,
-178 66 0,
-178 68 0,
-178 70 0,
-178 72 0,
-178 74 0,
-178 76 0,
-178 78 0,
-178 80 0,
-178 82 0,
-178 84 0,
-178 86 0,
-178 88 0,
-178 90 0,
-176 -90 0,
-176 -88 0,
-176 -86 0,
-176 -84 0,
-176 -82 0,
-176 -80 0,
-176 -78 0,
-176 -76 0,
-176 -74 0,
-176 -72 0,
-176 -70 0,
-176 -68 0,
-176 -66 0,
-176 -64 0,
-176 -62 0,
-176 -60 0,
-176 -58 0,
-176 -56 0,
-176 -54 0,
-176 -52 0,
-176 -50 0,
-176 -48 0,
-176 -46 0,
-176 -44 0,
-176 -42 0,
-176 -40 0,
-176 -38 0,
-176 -36 0,
-176 -34 0,
-176 -32 0,
-176 -30 0,
-176 -28 0,
-176 -26 0,
-176 -24 0,
-176 -22 0,
-176 -20 0,
-176 -18 0,
-176 -16 0,
-176 -14 0,
-176 -12 0,
-176 -10 0,
-176 -8 0,
-176 -6 0,
-176 -4 0,
-176 -2 0,
-176 0 0,
-176 2 0,
-176 4 0,
-176 6 0,
-176 8 0,
-176 10 0,
-176 12 0,
-176 14 0,
-176 16 0,
-176 18 0,
-176 20 0,
-176 22 0,
-176 24 0,
-176 26 0,
-176 28 0,
-176 30 0,
-176 32 0,
-176 34 0,
-176 36 0,
-176 38 0,
-176 40 0,
-176 42 0,
-176 44 0,
-176 46 0,
-176 48 0,
-176 50 0,
-176 52 0,
-176 54 0,
-176 56 0,
-176 58 0,
-176 60 0,
-176 62 0,
-176 64 0,
-176 66 0,
-176 68 0,
-176 70 0,
-176 72 0,
-176 74 0,
-176 76 0,
-176 78 0,
-176 80 0,
-176 82 0,
-176 84 0,
-176 86 0,
-176 88 0,
-176 90 0,
-174 -90 0,
-174 -88 0,
-174 -86 0,
-174 -84 0,
-174 -82 0,
-174 -80 0,
-174 -78 0,
-174 -76 0,
-174 -74 0,
-174 -72 0,
-174 -70 0,
-174 -68 0,
-174 -66 0,
-174 -64 0,
-174 -62 0,
-174 -60 0,
-174 -58 0,
-174 -56 0,
-174 -54 0,
-174 -52 0,
-174 -50 0,
-174 -48 0,
-174 -46 0,
-174 -44 0,
-174 -42 0,
-174 -40 0,
-174 -38 0,
-174 -36 0,
-174 -34 0,
-174 -32 0,
-174 -30 0,
-174 -28 0,
-174 -26 0,
-174 -24 0,
-174 -22 0,
-174 -20 0,
-174 -18 0,
-174 -16 0,
-174 -14 0,
-174 -12 0,
-174 -10 0,
-174 -8 0,
-174 -6 0,
-174 -4 0,
-174 -2 0,
-174 0 0,
-174 2 0,
-174 4 0,
-174 6 0,
-174 8 0,
-174 10 0,
-174 12 0,
-174 14 0,
-174 16 0,
-174 18 0,
-174 20 0,
-174 22 0,
-174 24 0,
-174 26 0,
-174 28 0,
-174 30 0,
-174 32 0,
-174 34 0,
-174 36 0,
-174 38 0,
-174 40 0,
-174 42 0,
-174 44 0,
-174 46 0,
-174 48 0,
-174 50 0,
-174 52 0,
-174 54 0,
-174 56 0,
-174 58 0,
-174 60 0,
-174 62 0,
-174 64 0,
-174 66 0,
-174 68 0,
-174 70 0,
-174 72 0,
-174 74 0,
-174 76 0,
-174 78 0,
-174 80 0,
-174 82 0,
-174 84 0,
-174 86 0,
-174 88 0,
-174 90 0,
-172 -90 0,
-172 -88 0,
-172 -86 0,
-172 -84 0,
-172 -82 0,
-172 -80 0,
-172 -78 0,
-172 -76 0,
-172 -74 0,
-172 -72 0,
-172 -70 0,
-172 -68 0,
-172 -66 0,
-172 -64 0,
-172 -62 0,
-172 -60 0,
-172 -58 0,
-172 -56 0,
-172 -54 0,
-172 -52 0,
-172 -50 0,
-172 -48 0,
-172 -46 0,
-172 -44 0,
-172 -42 0,
-172 -40 0,
-172 -38 0,
-172 -36 0,
-172 -34 0,
-172 -32 0,
-172 -30 0,
-172 -28 0,
-172 -26 0,
-172 -24 0,
-172 -22 0,
-172 -20 0,
-172 -18 0,
-172 -16 0,
-172 -14 0,
-172 -12 0,
-172 -10 0,
-172 -8 0,
-172 -6 0,
-172 -4 0,
-172 -2 0,
-172 0 0,
-172 2 0,
-172 4 0,
-172 6 0,
-172 8 0,
-172 10 0,
-172 12 0,
-172 14 0,
-172 16 0,
-172 18 0,
-172 20 0,
-172 22 0,
-172 24 0,
-172 26 0,
-172 28 0,
-172 30 0,
-172 32 0,
-172 34 0,
-172 36 0,
-172 38 0,
-172 40 0,
-172 42 0,
-172 44 0,
-172 46 0,
-172 48 0,
-172 50 0,
-172 52 0,
-172 54 0,
-172 56 0,
-172 58 0,
-172 60 0,
-172 62 0,
-172 64 0,
-172 66 0,
-172 68 0,
-172 70 0,
-172 72 0,
-172 74 0,
-172 76 0,
-172 78 0,
-172 80 0,
-172 82 0,
-172 84 0,
-172 86 0,
-172 88 0,
-172 90 0,
-170 -90 0,
-170 -88 0,
-170 -86 0,
-170 -84 0,
-170 -82 0,
-170 -80 0,
-170 -78 0,
-170 -76 0,
-170 -74 0,
-170 -72 0,
-170 -70 0,
-170 -68 0,
-170 -66 0,
-170 -64 0,
-170 -62 0,
-170 -60 0,
-170 -58 0,
-170 -56 0,
-170 -54 0,
-170 -52 0,
-170 -50 0,
-170 -48 0,
-170 -46 0,
-170 -44 0,
-170 -42 0,
-170 -40 0,
-170 -38 0,
-170 -36 0,
-170 -34 0,
-170 -32 0,
-170 -30 0,
-170 -28 0,
-170 -26 0,
-170 -24 0,
-170 -22 0,
-170 -20 0,
-170 -18 0,
-170 -16 0,
-170 -14 0,
-170 -12 0,
-170 -10 0,
-170 -8 0,
-170 -6 0,
-170 -4 0,
-170 -2 0,
-170 0 0,
-170 2 0,
-170 4 0,
-170 6 0,
-170 8 0,
-170 10 0,
-170 12 0,
-170 14 0,
-170 16 0,
-170 18 0,
-170 20 0,
-170 22 0,
-170 24 0,
-170 26 0,
-170 28 0,
-170 30 0,
-170 32 0,
-170 34 0,
-170 36 0,
-170 38 0,
-170 40 0,
-170 42 0,
-170 44 0,
-170 46 0,
-170 48 0,
-170 50 0,
-170 52 0,
-170 54 0,
-170 56 0,
-170 58 0,
-170 60 0,
-170 62 0,
-170 64 0,
-170 66 0,
-170 68 0,
-170 70 0,
-170 72 0,
-170 74 0,
-170 76 0,
-170 78 0,
-170 80 0,
-170 82 0,
-170 84 0,
-170 86 0,
-170 88 0,
-170 90 0,
-168 -90 0,
-168 -88 0,
-168 -86 0,
-168 -84 0,
-168 -82 0,
-168 -80 0,
-168 -78 0,
-168 -76 0,
-168 -74 0,
-168 -72 0,
-168 -70 0,
-168 -68 0,
-168 -66 0,
-168 -64 0,
-168 -62 0,
-168 -60 0,
-168 -58 0,
-168 -56 0,
-168 -54 0,
-168 -52 0,
-168 -50 0,
-168 -48 0,
-168 -46 0,
-168 -44 0,
-168 -42 0,
-168 -40 0,
-168 -38 0,
-168 -36 0,
-168 -34 0,
-168 -32 0,
-168 -30 0,
-168 -28 0,
-168 -26 0,
-168 -24 0,
-168 -22 0,
-168 -20 0,
-168 -18 0,
-168 -16 0,
-168 -14 0,
-168 -12 0,
-168 -10 0,
-168 -8 0,
-168 -6 0,
-168 -4 0,
-168 -2 0,
-168 0 0,
-168 2 0,
-168 4 0,
-168 6 0,
-168 8 0,
-168 10 0,
-168 12 0,
-168 14 0,
-168 16 0,
-168 18 0,
-168 20 0,
-168 22 0,
-168 24 0,
-168 26 0,
-168 28 0,
-168 30 0,
-168 32 0,
-168 34 0,
-168 36 0,
-168 38 0,
-168 40 0,
-168 42 0,
-168 44 0,
-168 46 0,
-168 48 0,
-168 50 0,
-168 52 0,
-168 54 0,
-168 56 0,
-168 58 0,
-168 60 0,
-168 62 0,
-168 64 0,
-168 66 0,
-168 68 0,
-168 70 0,
-168 72 0,
-168 74 0,
-168 76 0,
-168 78 0,
-168 80 0,
-168 82 0,
-168 84 0,
-168 86 0,
-168 88 0,
-168 90 0,
-166 -90 0,
-166 -88 0,
-166 -86 0,
-166 -84 0,
-166 -82 0,
-166 -80 0,
-166 -78 0,
-166 -76 0,
-166 -74 0,
-166 -72 0,
-166 -70 0,
-166 -68 0,
-166 -66 0,
-166 -64 0,
-166 -62 0,
-166 -60 0,
-166 -58 0,
-166 -56 0,
-166 -54 0,
-166 -52 0,
-166 -50 0,
-166 -48 0,
-166 -46 0,
-166 -44 0,
-166 -42 0,
-166 -40 0,
-166 -38 0,
-166 -36 0,
-166 -34 0,
-166 -32 0,
-166 -30 0,
-166 -28 0,
-166 -26 0,
-166 -24 0,
-166 -22 0,
-166 -20 0,
-166 -18 0,
-166 -16 0,
-166 -14 0,
-166 -12 0,
-166 -10 0,
-166 -8 0,
-166 -6 0,
-166 -4 0,
-166 -2 0,
-166 0 0,
-166 2 0,
-166 4 0,
-166 6 0,
-166 8 0,
-166 10 0,
-166 12 0,
-166 14 0,
-166 16 0,
-166 18 0,
-166 20 0,
-166 22 0,
-166 24 0,
-166 26 0,
-166 28 0,
-166 30 0,
-166 32 0,
-166 34 0,
-166 36 0,
-166 38 0,
-166 40 0,
-166 42 0,
-166 44 0,
-166 46 0,
-166 48 0,
-166 50 0,
-166 52 0,
-166 54 0,
-166 56 0,
-166 58 0,
-166 60 0,
-166 62 0,
-166 64 0,
-166 66 0,
-166 68 0,
-166 70 0,
-166 72 0,
-166 74 0,
-166 76 0,
-166 78 0,
-166 80 0,
-166 82 0,
-166 84 0,
-166 86 0,
-166 88 0,
-166 90 0,
-164 -90 0,
-164 -88 0,
-164 -86 0,
-164 -84 0,
-164 -82 0,
-164 -80 0,
-164 -78 0,
-164 -76 0,
-164 -74 0,
-164 -72 0,
-164 -70 0,
-164 -68 0,
-164 -66 0,
-164 -64 0,
-164 -62 0,
-164 -60 0,
-164 -58 0,
-164 -56 0,
-164 -54 0,
-164 -52 0,
-164 -50 0,
-164 -48 0,
-164 -46 0,
-164 -44 0,
-164 -42 0,
-164 -40 0,
-164 -38 0,
-164 -36 0,
-164 -34 0,
-164 -32 0,
-164 -30 0,
-164 -28 0,
-164 -26 0,
-164 -24 0,
-164 -22 0,
-164 -20 0,
-164 -18 0,
-164 -16 0,
-164 -14 0,
-164 -12 0,
-164 -10 0,
-164 -8 0,
-164 -6 0,
-164 -4 0,
-164 -2 0,
-164 0 0,
-164 2 0,
-164 4 0,
-164 6 0,
-164 8 0,
-164 10 0,
-164 12 0,
-164 14 0,
-164 16 0,
-164 18 0,
-164 20 0,
-164 22 0,
-164 24 0,
-164 26 0,
-164 28 0,
-164 30 0,
-164 32 0,
-164 34 0,
-164 36 0,
-164 38 0,
-164 40 0,
-164 42 0,
-164 44 0,
-164 46 0,
-164 48 0,
-164 50 0,
-164 52 0,
-164 54 0,
-164 56 0,
-164 58 0,
-164 60 0,
-164 62 0,
-164 64 0,
-164 66 0,
-164 68 0,
-164 70 0,
-164 72 0,
-164 74 0,
-164 76 0,
-164 78 0,
-164 80 0,
-164 82 0,
-164 84 0,
-164 86 0,
-164 88 0,
-164 90 0,
-162 -90 0,
-162 -88 0,
-162 -86 0,
-162 -84 0,
-162 -82 0,
-162 -80 0,
-162 -78 0,
-162 -76 0,
-162 -74 0,
-162 -72 0,
-162 -70 0,
-162 -68 0,
-162 -66 0,
-162 -64 0,
-162 -62 0,
-162 -60 0,
-162 -58 0,
-162 -56 0,
-162 -54 0,
-162 -52 0,
-162 -50 0,
-162 -48 0,
-162 -46 0,
-162 -44 0,
-162 -42 0,
-162 -40 0,
-162 -38 0,
-162 -36 0,
-162 -34 0,
-162 -32 0,
-162 -30 0,
-162 -28 0,
-162 -26 0,
-162 -24 0,
-162 -22 0,
-162 -20 0,
-162 -18 0,
-162 -16 0,
-162 -14 0,
-162 -12 0,
-162 -10 0,
-162 -8 0,
-162 -6 0,
-162 -4 0,
-162 -2 0,
-162 0 0,
-162 2 0,
-162 4 0,
-162 6 0,
-162 8 0,
-162 10 0,
-162 12 0,
-162 14 0,
-162 16 0,
-162 18 0,
-162 20 0,
-162 22 0,
-162 24 0,
-162 26 0,
-162 28 0,
-162 30 0,
-162 32 0,
-162 34 0,
-162 36 0,
-162 38 0,
-162 40 0,
-162 42 0,
-162 44 0,
-162 46 0,
-162 48 0,
-162 50 0,
-162 52 0,
-162 54 0,
-162 56 0,
-162 58 0,
-162 60 0,
-162 62 0,
-162 64 0,
-162 66 0,
-162 68 0,
-162 70 0,
-162 72 0,
-162 74 0,
-162 76 0,
-162 78 0,
-162 80 0,
-162 82 0,
-162 84 0,
-162 86 0,
-162 88 0,
-162 90 0,
-160 -90 0,
-160 -88 0,
-160 -86 0,
-160 -84 0,
-160 -82 0,
-160 -80 0,
-160 -78 0,
-160 -76 0,
-160 -74 0,
-160 -72 0,
-160 -70 0,
-160 -68 0,
-160 -66 0,
-160 -64 0,
-160 -62 0,
-160 -60 0,
-160 -58 0,
-160 -56 0,
-160 -54 0,
-160 -52 0,
-160 -50 0,
-160 -48 0,
-160 -46 0,
-160 -44 0,
-160 -42 0,
-160 -40 0,
-160 -38 0,
-160 -36 0,
-160 -34 0,
-160 -32 0,
-160 -30 0,
-160 -28 0,
-160 -26 0,
-160 -24 0,
-160 -22 0,
-160 -20 0,
-160 -18 0,
-160 -16 0,
-160 -14 0,
-160 -12 0,
-160 -10 0,
-160 -8 0,
-160 -6 0,
-160 -4 0,
-160 -2 0,
-160 0 0,
-160 2 0,
-160 4 0,
-160 6 0,
-160 8 0,
-160 10 0,
-160 12 0,
-160 14 0,
-160 16 0,
-160 18 0,
-160 20 0,
-160 22 0,
-160 24 0,
-160 26 0,
-160 28 0,
-160 30 0,
-160 32 0,
-160 34 0,
-160 36 0,
-160 38 0,
-160 40 0,
-160 42 0,
-160 44 0,
-160 46 0,
-160 48 0,
-160 50 0,
-160 52 0,
-160 54 0,
-160 56 0,
-160 58 0,
-160 60 0,
-160 62 0,
-160 64 0,
-160 66 0,
-160 68 0,
-160 70 0,
-160 72 0,
-160 74 0,
-160 76 0,
-160 78 0,
-160 80 0,
-160 82 0,
-160 84 0,
-160 86 0,
-160 88 0,
-160 90 0,
-158 -90 0,
-158 -88 0,
-158 -86 0,
-158 -84 0,
-158 -82 0,
-158 -80 0,
-158 -78 0,
-158 -76 0,
-158 -74 0,
-158 -72 0,
-158 -70 0,
-158 -68 0,
-158 -66 0,
-158 -64 0,
-158 -62 0,
-158 -60 0,
-158 -58 0,
-158 -56 0,
-158 -54 0,
-158 -52 0,
-158 -50 0,
-158 -48 0,
-158 -46 0,
-158 -44 0,
-158 -42 0,
-158 -40 0,
-158 -38 0,
-158 -36 0,
-158 -34 0,
-158 -32 0,
-158 -30 0,
-158 -28 0,
-158 -26 0,
-158 -24 0,
-158 -22 0,
-158 -20 0,
-158 -18 0,
-158 -16 0,
-158 -14 0,
-158 -12 0,
-158 -10 0,
-158 -8 0,
-158 -6 0,
-158 -4 0,
-158 -2 0,
-158 0 0,
-158 2 0,
-158 4 0,
-158 6 0,
-158 8 0,
-158 10 0,
-158 12 0,
-158 14 0,
-158 16 0,
-158 18 0,
-158 20 0,
-158 22 0,
-158 24 0,
-158 26 0,
-158 28 0,
-158 30 0,
-158 32 0,
-158 34 0,
-158 36 0,
-158 38 0,
-158 40 0,
-158 42 0,
-158 44 0,
-158 46 0,
-158 48 0,
-158 50 0,
-158 52 0,
-158 54 0,
-158 56 0,
-158 58 0,
-158 60 0,
-158 62 0,
-158 64 0,
-158 66 0,
-158 68 0,
-158 70 0,
-158 72 0,
-158 74 0,
-158 76 0,
-158 78 0,
-158 80 0,
-158 82 0,
-158 84 0,
-158 86 0,
-158 88 0,
-158 90 0,
-156 -90 0,
-156 -88 0,
-156 -86 0,
-156 -84 0,
-156 -82 0,
-156 -80 0,
-156 -78 0,
-156 -76 0,
-156 -74 0,
-156 -72 0,
-156 -70 0,
-156 -68 0,
-156 -66 0,
-156 -64 0,
-156 -62 0,
-156 -60 0,
-156 -58 0,
-156 -56 0,
-156 -54 0,
-156 -52 0,
-156 -50 0,
-156 -48 0,
-156 -46 0,
-156 -44 0,
-156 -42 0,
-156 -40 0,
-156 -38 0,
-156 -36 0,
-156 -34 0,
-156 -32 0,
-156 -30 0,
-156 -28 0,
-156 -26 0,
-156 -24 0,
-156 -22 0,
-156 -20 0,
-156 -18 0,
-156 -16 0,
-156 -14 0,
-156 -12 0,
-156 -10 0,
-156 -8 0,
-156 -6 0,
-156 -4 0,
-156 -2 0,
-156 0 0,
-156 2 0,
-156 4 0,
-156 6 0,
-156 8 0,
-156 10 0,
-156 12 0,
-156 14 0,
-156 16 0,
-156 18 0,
-156 20 0,
-156 22 0,
-156 24 0,
-156 26 0,
-156 28 0,
-156 30 0,
-156 32 0,
-156 34 0,
-156 36 0,
-156 38 0,
-156 40 0,
-156 42 0,
-156 44 0,
-156 46 0,
-156 48 0,
-156 50 0,
-156 52 0,
-156 54 0,
-156 56 0,
-156 58 0,
-156 60 0,
-156 62 0,
-156 64 0,
-156 66 0,
-156 68 0,
-156 70 0,
-156 72 0,
-156 74 0,
-156 76 0,
-156 78 0,
-156 80 0,
-156 82 0,
-156 84 0,
-156 86 0,
-156 88 0,
-156 90 0,
-154 -90 0,
-154 -88 0,
-154 -86 0,
-154 -84 0,
-154 -82 0,
-154 -80 0,
-154 -78 0,
-154 -76 0,
-154 -74 0,
-154 -72 0,
-154 -70 0,
-154 -68 0,
-154 -66 0,
-154 -64 0,
-154 -62 0,
-154 -60 0,
-154 -58 0,
-154 -56 0,
-154 -54 0,
-154 -52 0,
-154 -50 0,
-154 -48 0,
-154 -46 0,
-154 -44 0,
-154 -42 0,
-154 -40 0,
-154 -38 0,
-154 -36 0,
-154 -34 0,
-154 -32 0,
-154 -30 0,
-154 -28 0,
-154 -26 0,
-154 -24 0,
-154 -22 0,
-154 -20 0,
-154 -18 0,
-154 -16 0,
-154 -14 0,
-154 -12 0,
-154 -10 0,
-154 -8 0,
-154 -6 0,
-154 -4 0,
-154 -2 0,
-154 0 0,
-154 2 0,
-154 4 0,
-154 6 0,
-154 8 0,
-154 10 0,
-154 12 0,
-154 14 0,
-154 16 0,
-154 18 0,
-154 20 0,
-154 22 0,
-154 24 0,
-154 26 0,
-154 28 0,
-154 30 0,
-154 32 0,
-154 34 0,
-154 36 0,
-154 38 0,
-154 40 0,
-154 42 0,
-154 44 0,
-154 46 0,
-154 48 0,
-154 50 0,
-154 52 0,
-154 54 0,
-154 56 0,
-154 58 0,
-154 60 0,
-154 62 0,
-154 64 0,
-154 66 0,
-154 68 0,
-154 70 0,
-154 72 0,
-154 74 0,
-154 76 0,
-154 78 0,
-154 80 0,
-154 82 0,
-154 84 0,
-154 86 0,
-154 88 0,
-154 90 0,
-152 -90 0,
-152 -88 0,
-152 -86 0,
-152 -84 0,
-152 -82 0,
-152 -80 0,
-152 -78 0,
-152 -76 0,
-152 -74 0,
-152 -72 0,
-152 -70 0,
-152 -68 0,
-152 -66 0,
-152 -64 0,
-152 -62 0,
-152 -60 0,
-152 -58 0,
-152 -56 0,
-152 -54 0,
-152 -52 0,
-152 -50 0,
-152 -48 0,
-152 -46 0,
-152 -44 0,
-152 -42 0,
-152 -40 0,
-152 -38 0,
-152 -36 0,
-152 -34 0,
-152 -32 0,
-152 -30 0,
-152 -28 0,
-152 -26 0,
-152 -24 0,
-152 -22 0,
-152 -20 0,
-152 -18 0,
-152 -16 0,
-152 -14 0,
-152 -12 0,
-152 -10 0,
-152 -8 0,
-152 -6 0,
-152 -4 0,
-152 -2 0,
-152 0 0,
-152 2 0,
-152 4 0,
-152 6 0,
-152 8 0,
-152 10 0,
-152 12 0,
-152 14 0,
-152 16 0,
-152 18 0,
-152 20 0,
-152 22 0,
-152 24 0,
-152 26 0,
-152 28 0,
-152 30 0,
-152 32 0,
-152 34 0,
-152 36 0,
-152 38 0,
-152 40 0,
-152 42 0,
-152 44 0,
-152 46 0,
-152 48 0,
-152 50 0,
-152 52 0,
-152 54 0,
-152 56 0,
-152 58 0,
-152 60 0,
-152 62 0,
-152 64 0,
-152 66 0,
-152 68 0,
-152 70 0,
-152 72 0,
-152 74 0,
-152 76 0,
-152 78 0,
-152 80 0,
-152 82 0,
-152 84 0,
-152 86 0,
-152 88 0,
-152 90 0,
-150 -90 0,
-150 -88 0,
-150 -86 0,
-150 -84 0,
-150 -82 0,
-150 -80 0,
-150 -78 0,
-150 -76 0,
-150 -74 0,
-150 -72 0,
-150 -70 0,
-150 -68 0,
-150 -66 0,
-150 -64 0,
-150 -62 0,
-150 -60 0,
-150 -58 0,
-150 -56 0,
-150 -54 0,
-150 -52 0,
-150 -50 0,
-150 -48 0,
-150 -46 0,
-150 -44 0,
-150 -42 0,
-150 -40 0,
-150 -38 0,
-150 -36 0,
-150 -34 0,
-150 -32 0,
-150 -30 0,
-150 -28 0,
-150 -26 0,
-150 -24 0,
-150 -22 0,
-150 -20 0,
-150 -18 0,
-150 -16 0,
-150 -14 0,
-150 -12 0,
-150 -10 0,
-150 -8 0,
-150 -6 0,
-150 -4 0,
-150 -2 0,
-150 0 0,
-150 2 0,
-150 4 0,
-150 6 0,
-150 8 0,
-150 10 0,
-150 12 0,
-150 14 0,
-150 16 0,
-150 18 0,
-150 20 0,
-150 22 0,
-150 24 0,
-150 26 0,
-150 28 0,
-150 30 0,
-150 32 0,
-150 34 0,
-150 36 0,
-150 38 0,
-150 40 0,
-150 42 0,
-150 44 0,
-150 46 0,
-150 48 0,
-150 50 0,
-150 52 0,
-150 54 0,
-150 56 0,
-150 58 0,
-150 60 0,
-150 62 0,
-150 64 0,
-150 66 0,
-150 68 0,
-150 70 0,
-150 72 0,
-150 74 0,
-150 76 0,
-150 78 0,
-150 80 0,
-150 82 0,
-150 84 0,
-150 86 0,
-150 88 0,
-150 90 0,
-148 -90 0,
-148 -88 0,
-148 -86 0,
-148 -84 0,
-148 -82 0,
-148 -80 0,
-148 -78 0,
-148 -76 0,
-148 -74 0,
-148 -72 0,
-148 -70 0,
-148 -68 0,
-148 -66 0,
-148 -64 0,
-148 -62 0,
-148 -60 0,
-148 -58 0,
-148 -56 0,
-148 -54 0,
-148 -52 0,
-148 -50 0,
-148 -48 0,
-148 -46 0,
-148 -44 0,
-148 -42 0,
-148 -40 0,
-148 -38 0,
-148 -36 0,
-148 -34 0,
-148 -32 0,
-148 -30 0,
-148 -28 0,
-148 -26 0,
-148 -24 0,
-148 -22 0,
-148 -20 0,
-148 -18 0,
-148 -16 0,
-148 -14 0,
-148 -12 0,
-148 -10 0,
-148 -8 0,
-148 -6 0,
-148 -4 0,
-148 -2 0,
-148 0 0,
-148 2 0,
-148 4 0,
-148 6 0,
-148 8 0,
-148 10 0,
-148 12 0,
-148 14 0,
-148 16 0,
-148 18 0,
-148 20 0,
-148 22 0,
-148 24 0,
-148 26 0,
-148 28 0,
-148 30 0,
-148 32 0,
-148 34 0,
-148 36 0,
-148 38 0,
-148 40 0,
-148 42 0,
-148 44 0,
-148 46 0,
-148 48 0,
-148 50 0,
-148 52 0,
-148 54 0,
-148 56 0,
-148 58 0,
-148 60 0,
-148 62 0,
-148 64 0,
-148 66 0,
-148 68 0,
-148 70 0,
-148 72 0,
-148 74 0,
-148 76 0,
-148 78 0,
-148 80 0,
-148 82 0,
-148 84 0,
-148 86 0,
-148 88 0,
-148 90 0,
-146 -90 0,
-146 -88 0,
-146 -86 0,
-146 -84 0,
-146 -82 0,
-146 -80 0,
-146 -78 0,
-146 -76 0,
-146 -74 0,
-146 -72 0,
-146 -70 0,
-146 -68 0,
-146 -66 0,
-146 -64 0,
-146 -62 0,
-146 -60 0,
-146 -58 0,
-146 -56 0,
-146 -54 0,
-146 -52 0,
-146 -50 0,
-146 -48 0,
-146 -46 0,
-146 -44 0,
-146 -42 0,
-146 -40 0,
-146 -38 0,
-146 -36 0,
-146 -34 0,
-146 -32 0,
-146 -30 0,
-146 -28 0,
-146 -26 0,
-146 -24 0,
-146 -22 0,
-146 -20 0,
-146 -18 0,
-146 -16 0,
-146 -14 0,
-146 -12 0,
-146 -10 0,
-146 -8 0,
-146 -6 0,
-146 -4 0,
-146 -2 0,
-146 0 0,
-146 2 0,
-146 4 0,
-146 6 0,
-146 8 0,
-146 10 0,
-146 12 0,
-146 14 0,
-146 16 0,
-146 18 0,
-146 20 0,
-146 22 0,
-146 24 0,
-146 26 0,
-146 28 0,
-146 30 0,
-146 32 0,
-146 34 0,
-146 36 0,
-146 38 0,
-146 40 0,
-146 42 0,
-146 44 0,
-146 46 0,
-146 48 0,
-146 50 0,
-146 52 0,
-146 54 0,
-146 56 0,
-146 58 0,
-146 60 0,
-146 62 0,
-146 64 0,
-146 66 0,
-146 68 0,
-146 70 0,
-146 72 0,
-146 74 0,
-146 76 0,
-146 78 0,
-146 80 0,
-146 82 0,
-146 84 0,
-146 86 0,
-146 88 0,
-146 90 0,
-144 -90 0,
-144 -88 0,
-144 -86 0,
-144 -84 0,
-144 -82 0,
-144 -80 0,
-144 -78 0,
-144 -76 0,
-144 -74 0,
-144 -72 0,
-144 -70 0,
-144 -68 0,
-144 -66 0,
-144 -64 0,
-144 -62 0,
-144 -60 0,
-144 -58 0,
-144 -56 0,
-144 -54 0,
-144 -52 0,
-144 -50 0,
-144 -48 0,
-144 -46 0,
-144 -44 0,
-144 -42 0,
-144 -40 0,
-144 -38 0,
-144 -36 0,
-144 -34 0,
-144 -32 0,
-144 -30 0,
-144 -28 0,
-144 -26 0,
-144 -24 0,
-144 -22 0,
-144 -20 0,
-144 -18 0,
-144 -16 0,
-144 -14 0,
-144 -12 0,
-144 -10 0,
-144 -8 0,
-144 -6 0,
-144 -4 0,
-144 -2 0,
-144 0 0,
-144 2 0,
-144 4 0,
-144 6 0,
-144 8 0,
-144 10 0,
-144 12 0,
-144 14 0,
-144 16 0,
-144 18 0,
-144 20 0,
-144 22 0,
-144 24 0,
-144 26 0,
-144 28 0,
-144 30 0,
-144 32 0,
-144 34 0,
-144 36 0,
-144 38 0,
-144 40 0,
-144 42 0,
-144 44 0,
-144 46 0,
-144 48 0,
-144 50 0,
-144 52 0,
-144 54 0,
-144 56 0,
-144 58 0,
-144 60 0,
-144 62 0,
-144 64 0,
-144 66 0,
-144 68 0,
-144 70 0,
-144 72 0,
-144 74 0,
-144 76 0,
-144 78 0,
-144 80 0,
-144 82 0,
-144 84 0,
-144 86 0,
-144 88 0,
-144 90 0,
-142 -90 0,
-142 -88 0,
-142 -86 0,
-142 -84 0,
-142 -82 0,
-142 -80 0,
-142 -78 0,
-142 -76 0,
-142 -74 0,
-142 -72 0,
-142 -70 0,
-142 -68 0,
-142 -66 0,
-142 -64 0,
-142 -62 0,
-142 -60 0,
-142 -58 0,
-142 -56 0,
-142 -54 0,
-142 -52 0,
-142 -50 0,
-142 -48 0,
-142 -46 0,
-142 -44 0,
-142 -42 0,
-142 -40 0,
-142 -38 0,
-142 -36 0,
-142 -34 0,
-142 -32 0,
-142 -30 0,
-142 -28 0,
-142 -26 0,
-142 -24 0,
-142 -22 0,
-142 -20 0,
-142 -18 0,
-142 -16 0,
-142 -14 0,
-142 -12 0,
-142 -10 0,
-142 -8 0,
-142 -6 0,
-142 -4 0,
-142 -2 0,
-142 0 0,
-142 2 0,
-142 4 0,
-142 6 0,
-142 8 0,
-142 10 0,
-142 12 0,
-142 14 0,
-142 16 0,
-142 18 0,
-142 20 0,
-142 22 0,
-142 24 0,
-142 26 0,
-142 28 0,
-142 30 0,
-142 32 0,
-142 34 0,
-142 36 0,
-142 38 0,
-142 40 0,
-142 42 0,
-142 44 0,
-142 46 0,
-142 48 0,
-142 50 0,
-142 52 0,
-142 54 0,
-142 56 0,
-142 58 0,
-142 60 0,
-142 62 0,
-142 64 0,
-142 66 0,
-142 68 0,
-142 70 0,
-142 72 0,
-142 74 0,
-142 76 0,
-142 78 0,
-142 80 0,
-142 82 0,
-142 84 0,
-142 86 0,
-142 88 0,
-142 90 0,
-140 -90 0,
-140 -88 0,
-140 -86 0,
-140 -84 0,
-140 -82 0,
-140 -80 0,
-140 -78 0,
-140 -76 0,
-140 -74 0,
-140 -72 0,
-140 -70 0,
-140 -68 0,
-140 -66 0,
-140 -64 0,
-140 -62 0,
-140 -60 0,
-140 -58 0,
-140 -56 0,
-140 -54 0,
-140 -52 0,
-140 -50 0,
-140 -48 0,
-140 -46 0,
-140 -44 0,
-140 -42 0,
-140 -40 0,
-140 -38 0,
-140 -36 0,
-140 -34 0,
-140 -32 0,
-140 -30 0,
-140 -28 0,
-140 -26 0,
-140 -24 0,
-140 -22 0,
-140 -20 0,
-140 -18 0,
-140 -16 0,
-140 -14 0,
-140 -12 0,
-140 -10 0,
-140 -8 0,
-140 -6 0,
-140 -4 0,
-140 -2 0,
-140 0 0,
-140 2 0,
-140 4 0,
-140 6 0,
-140 8 0,
-140 10 0,
-140 12 0,
-140 14 0,
-140 16 0,
-140 18 0,
-140 20 0,
-140 22 0,
-140 24 0,
-140 26 0,
-140 28 0,
-140 30 0,
-140 32 0,
-140 34 0,
-140 36 0,
-140 38 0,
-140 40 0,
-140 42 0,
-140 44 0,
-140 46 0,
-140 48 0,
-140 50 0,
-140 52 0,
-140 54 0,
-140 56 0,
-140 58 0,
-140 60 0,
-140 62 0,
-140 64 0,
-140 66 0,
-140 68 0,
-140 70 0,
-140 72 0,
-140 74 0,
-140 76 0,
-140 78 0,
-140 80 0,
-140 82 0,
-140 84 0,
-140 86 0,
-140 88 0,
-140 90 0,
-138 -90 0,
-138 -88 0,
-138 -86 0,
-138 -84 0,
-138 -82 0,
-138 -80 0,
-138 -78 0,
-138 -76 0,
-138 -74 0,
-138 -72 0,
-138 -70 0,
-138 -68 0,
-138 -66 0,
-138 -64 0,
-138 -62 0,
-138 -60 0,
-138 -58 0,
-138 -56 0,
-138 -54 0,
-138 -52 0,
-138 -50 0,
-138 -48 0,
-138 -46 0,
-138 -44 0,
-138 -42 0,
-138 -40 0,
-138 -38 0,
-138 -36 0,
-138 -34 0,
-138 -32 0,
-138 -30 0,
-138 -28 0,
-138 -26 0,
-138 -24 0,
-138 -22 0,
-138 -20 0,
-138 -18 0,
-138 -16 0,
-138 -14 0,
-138 -12 0,
-138 -10 0,
-138 -8 0,
-138 -6 0,
-138 -4 0,
-138 -2 0,
-138 0 0,
-138 2 0,
-138 4 0,
-138 6 0,
-138 8 0,
-138 10 0,
-138 12 0,
-138 14 0,
-138 16 0,
-138 18 0,
-138 20 0,
-138 22 0,
-138 24 0,
-138 26 0,
-138 28 0,
-138 30 0,
-138 32 0,
-138 34 0,
-138 36 0,
-138 38 0,
-138 40 0,
-138 42 0,
-138 44 0,
-138 46 0,
-138 48 0,
-138 50 0,
-138 52 0,
-138 54 0,
-138 56 0,
-138 58 0,
-138 60 0,
-138 62 0,
-138 64 0,
-138 66 0,
-138 68 0,
-138 70 0,
-138 72 0,
-138 74 0,
-138 76 0,
-138 78 0,
-138 80 0,
-138 82 0,
-138 84 0,
-138 86 0,
-138 88 0,
-138 90 0,
-136 -90 0,
-136 -88 0,
-136 -86 0,
-136 -84 0,
-136 -82 0,
-136 -80 0,
-136 -78 0,
-136 -76 0,
-136 -74 0,
-136 -72 0,
-136 -70 0,
-136 -68 0,
-136 -66 0,
-136 -64 0,
-136 -62 0,
-136 -60 0,
-136 -58 0,
-136 -56 0,
-136 -54 0,
-136 -52 0,
-136 -50 0,
-136 -48 0,
-136 -46 0,
-136 -44 0,
-136 -42 0,
-136 -40 0,
-136 -38 0,
-136 -36 0,
-136 -34 0,
-136 -32 0,
-136 -30 0,
-136 -28 0,
-136 -26 0,
-136 -24 0,
-136 -22 0,
-136 -20 0,
-136 -18 0,
-136 -16 0,
-136 -14 0,
-136 -12 0,
-136 -10 0,
-136 -8 0,
-136 -6 0,
-136 -4 0,
-136 -2 0,
-136 0 0,
-136 2 0,
-136 4 0,
-136 6 0,
-136 8 0,
-136 10 0,
-136 12 0,
-136 14 0,
-136 16 0,
-136 18 0,
-136 20 0,
-136 22 0,
-136 24 0,
-136 26 0,
-136 28 0,
-136 30 0,
-136 32 0,
-136 34 0,
-136 36 0,
-136 38 0,
-136 40 0,
-136 42 0,
-136 44 0,
-136 46 0,
-136 48 0,
-136 50 0,
-136 52 0,
-136 54 0,
-136 56 0,
-136 58 0,
-136 60 0,
-136 62 0,
-136 64 0,
-136 66 0,
-136 68 0,
-136 70 0,
-136 72 0,
-136 74 0,
-136 76 0,
-136 78 0,
-136 80 0,
-136 82 0,
-136 84 0,
-136 86 0,
-136 88 0,
-136 90 0,
-134 -90 0,
-134 -88 0,
-134 -86 0,
-134 -84 0,
-134 -82 0,
-134 -80 0,
-134 -78 0,
-134 -76 0,
-134 -74 0,
-134 -72 0,
-134 -70 0,
-134 -68 0,
-134 -66 0,
-134 -64 0,
-134 -62 0,
-134 -60 0,
-134 -58 0,
-134 -56 0,
-134 -54 0,
-134 -52 0,
-134 -50 0,
-134 -48 0,
-134 -46 0,
-134 -44 0,
-134 -42 0,
-134 -40 0,
-134 -38 0,
-134 -36 0,
-134 -34 0,
-134 -32 0,
-134 -30 0,
-134 -28 0,
-134 -26 0,
-134 -24 0,
-134 -22 0,
-134 -20 0,
-134 -18 0,
-134 -16 0,
-134 -14 0,
-134 -12 0,
-134 -10 0,
-134 -8 0,
-134 -6 0,
-134 -4 0,
-134 -2 0,
-134 0 0,
-134 2 0,
-134 4 0,
-134 6 0,
-134 8 0,
-134 10 0,
-134 12 0,
-134 14 0,
-134 16 0,
-134 18 0,
-134 20 0,
-134 22 0,
-134 24 0,
-134 26 0,
-134 28 0,
-134 30 0,
-134 32 0,
-134 34 0,
-134 36 0,
-134 38 0,
-134 40 0,
-134 42 0,
-134 44 0,
-134 46 0,
-134 48 0,
-134 50 0,
-134 52 0,
-134 54 0,
-134 56 0,
-134 58 0,
-134 60 0,
-134 62 0,
-134 64 0,
-134 66 0,
-134 68 0,
-134 70 0,
-134 72 0,
-134 74 0,
-134 76 0,
-134 78 0,
-134 80 0,
-134 82 0,
-134 84 0,
-134 86 0,
-134 88 0,
-134 90 0,
-132 -90 0,
-132 -88 0,
-132 -86 0,
-132 -84 0,
-132 -82 0,
-132 -80 0,
-132 -78 0,
-132 -76 0,
-132 -74 0,
-132 -72 0,
-132 -70 0,
-132 -68 0,
-132 -66 0,
-132 -64 0,
-132 -62 0,
-132 -60 0,
-132 -58 0,
-132 -56 0,
-132 -54 0,
-132 -52 0,
-132 -50 0,
-132 -48 0,
-132 -46 0,
-132 -44 0,
-132 -42 0,
-132 -40 0,
-132 -38 0,
-132 -36 0,
-132 -34 0,
-132 -32 0,
-132 -30 0,
-132 -28 0,
-132 -26 0,
-132 -24 0,
-132 -22 0,
-132 -20 0,
-132 -18 0,
-132 -16 0,
-132 -14 0,
-132 -12 0,
-132 -10 0,
-132 -8 0,
-132 -6 0,
-132 -4 0,
-132 -2 0,
-132 0 0,
-132 2 0,
-132 4 0,
-132 6 0,
-132 8 0,
-132 10 0,
-132 12 0,
-132 14 0,
-132 16 0,
-132 18 0,
-132 20 0,
-132 22 0,
-132 24 0,
-132 26 0,
-132 28 0,
-132 30 0,
-132 32 0,
-132 34 0,
-132 36 0,
-132 38 0,
-132 40 0,
-132 42 0,
-132 44 0,
-132 46 0,
-132 48 0,
-132 50 0,
-132 52 0,
-132 54 0,
-132 56 0,
-132 58 0,
-132 60 0,
-132 62 0,
-132 64 0,
-132 66 0,
-132 68 0,
-132 70 0,
-132 72 0,
-132 74 0,
-132 76 0,
-132 78 0,
-132 80 0,
-132 82 0,
-132 84 0,
-132 86 0,
-132 88 0,
-132 90 0,
-130 -90 0,
-130 -88 0,
-130 -86 0,
-130 -84 0,
-130 -82 0,
-130 -80 0,
-130 -78 0,
-130 -76 0,
-130 -74 0,
-130 -72 0,
-130 -70 0,
-130 -68 0,
-130 -66 0,
-130 -64 0,
-130 -62 0,
-130 -60 0,
-130 -58 0,
-130 -56 0,
-130 -54 0,
-130 -52 0,
-130 -50 0,
-130 -48 0,
-130 -46 0,
-130 -44 0,
-130 -42 0,
-130 -40 0,
-130 -38 0,
-130 -36 0,
-130 -34 0,
-130 -32 0,
-130 -30 0,
-130 -28 0,
-130 -26 0,
-130 -24 0,
-130 -22 0,
-130 -20 0,
-130 -18 0,
-130 -16 0,
-130 -14 0,
-130 -12 0,
-130 -10 0,
-130 -8 0,
-130 -6 0,
-130 -4 0,
-130 -2 0,
-130 0 0,
-130 2 0,
-130 4 0,
-130 6 0,
-130 8 0,
-130 10 0,
-130 12 0,
-130 14 0,
-130 16 0,
-130 18 0,
-130 20 0,
-130 22 0,
-130 24 0,
-130 26 0,
-130 28 0,
-130 30 0,
-130 32 0,
-130 34 0,
-130 36 0,
-130 38 0,
-130 40 0,
-130 42 0,
-130 44 0,
-130 46 0,
-130 48 0,
-130 50 0,
-130 52 0,
-130 54 0,
-130 56 0,
-130 58 0,
-130 60 0,
-130 62 0,
-130 64 0,
-130 66 0,
-130 68 0,
-130 70 0,
-130 72 0,
-130 74 0,
-130 76 0,
-130 78 0,
-130 80 0,
-130 82 0,
-130 84 0,
-130 86 0,
-130 88 0,
-130 90 0,
-128 -90 0,
-128 -88 0,
-128 -86 0,
-128 -84 0,
-128 -82 0,
-128 -80 0,
-128 -78 0,
-128 -76 0,
-128 -74 0,
-128 -72 0,
-128 -70 0,
-128 -68 0,
-128 -66 0,
-128 -64 0,
-128 -62 0,
-128 -60 0,
-128 -58 0,
-128 -56 0,
-128 -54 0,
-128 -52 0,
-128 -50 0,
-128 -48 0,
-128 -46 0,
-128 -44 0,
-128 -42 0,
-128 -40 0,
-128 -38 0,
-128 -36 0,
-128 -34 0,
-128 -32 0,
-128 -30 0,
-128 -28 0,
-128 -26 0,
-128 -24 0,
-128 -22 0,
-128 -20 0,
-128 -18 0,
-128 -16 0,
-128 -14 0,
-128 -12 0,
-128 -10 0,
-128 -8 0,
-128 -6 0,
-128 -4 0,
-128 -2 0,
-128 0 0,
-128 2 0,
-128 4 0,
-128 6 0,
-128 8 0,
-128 10 0,
-128 12 0,
-128 14 0,
-128 16 0,
-128 18 0,
-128 20 0,
-128 22 0,
-128 24 0,
-128 26 0,
-128 28 0,
-128 30 0,
-128 32 0,
-128 34 0,
-128 36 0,
-128 38 0,
-128 40 0,
-128 42 0,
-128 44 0,
-128 46 0,
-128 48 0,
-128 50 0,
-128 52 0,
-128 54 0,
-128 56 0,
-128 58 0,
-128 60 0,
-128 62 0,
-128 64 0,
-128 66 0,
-128 68 0,
-128 70 0,
-128 72 0,
-128 74 0,
-128 76 0,
-128 78 0,
-128 80 0,
-128 82 0,
-128 84 0,
-128 86 0,
-128 88 0,
-128 90 0,
-126 -90 0,
-126 -88 0,
-126 -86 0,
-126 -84 0,
-126 -82 0,
-126 -80 0,
-126 -78 0,
-126 -76 0,
-126 -74 0,
-126 -72 0,
-126 -70 0,
-126 -68 0,
-126 -66 0,
-126 -64 0,
-126 -62 0,
-126 -60 0,
-126 -58 0,
-126 -56 0,
-126 -54 0,
-126 -52 0,
-126 -50 0,
-126 -48 0,
-126 -46 0,
-126 -44 0,
-126 -42 0,
-126 -40 0,
-126 -38 0,
-126 -36 0,
-126 -34 0,
-126 -32 0,
-126 -30 0,
-126 -28 0,
-126 -26 0,
-126 -24 0,
-126 -22 0,
-126 -20 0,
-126 -18 0,
-126 -16 0,
-126 -14 0,
-126 -12 0,
-126 -10 0,
-126 -8 0,
-126 -6 0,
-126 -4 0,
-126 -2 0,
-126 0 0,
-126 2 0,
-126 4 0,
-126 6 0,
-126 8 0,
-126 10 0,
-126 12 0,
-126 14 0,
-126 16 0,
-126 18 0,
-126 20 0,
-126 22 0,
-126 24 0,
-126 26 0,
-126 28 0,
-126 30 0,
-126 32 0,
-126 34 0,
-126 36 0,
-126 38 0,
-126 40 0,
-126 42 0,
-126 44 0,
-126 46 0,
-126 48 0,
-126 50 0,
-126 52 0,
-126 54 0,
-126 56 0,
-126 58 0,
-126 60 0,
-126 62 0,
-126 64 0,
-126 66 0,
-126 68 0,
-126 70 0,
-126 72 0,
-126 74 0,
-126 76 0,
-126 78 0,
-126 80 0,
-126 82 0,
-126 84 0,
-126 86 0,
-126 88 0,
-126 90 0,
-124 -90 0,
-124 -88 0,
-124 -86 0,
-124 -84 0,
-124 -82 0,
-124 -80 0,
-124 -78 0,
-124 -76 0,
-124 -74 0,
-124 -72 0,
-124 -70 0,
-124 -68 0,
-124 -66 0,
-124 -64 0,
-124 -62 0,
-124 -60 0,
-124 -58 0,
-124 -56 0,
-124 -54 0,
-124 -52 0,
-124 -50 0,
-124 -48 0,
-124 -46 0,
-124 -44 0,
-124 -42 0,
-124 -40 0,
-124 -38 0,
-124 -36 0,
-124 -34 0,
-124 -32 0,
-124 -30 0,
-124 -28 0,
-124 -26 0,
-124 -24 0,
-124 -22 0,
-124 -20 0,
-124 -18 0,
-124 -16 0,
-124 -14 0,
-124 -12 0,
-124 -10 0,
-124 -8 0,
-124 -6 0,
-124 -4 0,
-124 -2 0,
-124 0 0,
-124 2 0,
-124 4 0,
-124 6 0,
-124 8 0,
-124 10 0,
-124 12 0,
-124 14 0,
-124 16 0,
-124 18 0,
-124 20 0,
-124 22 0,
-124 24 0,
-124 26 0,
-124 28 0,
-124 30 0,
-124 32 0,
-124 34 0,
-124 36 0,
-124 38 0,
-124 40 0,
-124 42 0,
-124 44 0,
-124 46 0,
-124 48 0,
-124 50 0,
-124 52 0,
-124 54 0,
-124 56 0,
-124 58 0,
-124 60 0,
-124 62 0,
-124 64 0,
-124 66 0,
-124 68 0,
-124 70 0,
-124 72 0,
-124 74 0,
-124 76 0,
-124 78 0,
-124 80 0,
-124 82 0,
-124 84 0,
-124 86 0,
-124 88 0,
-124 90 0,
-122 -90 0,
-122 -88 0,
-122 -86 0,
-122 -84 0,
-122 -82 0,
-122 -80 0,
-122 -78 0,
-122 -76 0,
-122 -74 0,
-122 -72 0,
-122 -70 0,
-122 -68 0,
-122 -66 0,
-122 -64 0,
-122 -62 0,
-122 -60 0,
-122 -58 0,
-122 -56 0,
-122 -54 0,
-122 -52 0,
-122 -50 0,
-122 -48 0,
-122 -46 0,
-122 -44 0,
-122 -42 0,
-122 -40 0,
-122 -38 0,
-122 -36 0,
-122 -34 0,
-122 -32 0,
-122 -30 0,
-122 -28 0,
-122 -26 0,
-122 -24 0,
-122 -22 0,
-122 -20 0,
-122 -18 0,
-122 -16 0,
-122 -14 0,
-122 -12 0,
-122 -10 0,
-122 -8 0,
-122 -6 0,
-122 -4 0,
-122 -2 0,
-122 0 0,
-122 2 0,
-122 4 0,
-122 6 0,
-122 8 0,
-122 10 0,
-122 12 0,
-122 14 0,
-122 16 0,
-122 18 0,
-122 20 0,
-122 22 0,
-122 24 0,
-122 26 0,
-122 28 0,
-122 30 0,
-122 32 0,
-122 34 0,
-122 36 0,
-122 38 0,
-122 40 0,
-122 42 0,
-122 44 0,
-122 46 0,
-122 48 0,
-122 50 0,
-122 52 0,
-122 54 0,
-122 56 0,
-122 58 0,
-122 60 0,
-122 62 0,
-122 64 0,
-122 66 0,
-122 68 0,
-122 70 0,
-122 72 0,
-122 74 0,
-122 76 0,
-122 78 0,
-122 80 0,
-122 82 0,
-122 84 0,
-122 86 0,
-122 88 0,
-122 90 0,
-120 -90 0,
-120 -88 0,
-120 -86 0,
-120 -84 0,
-120 -82 0,
-120 -80 0,
-120 -78 0,
-120 -76 0,
-120 -74 0,
-120 -72 0,
-120 -70 0,
-120 -68 0,
-120 -66 0,
-120 -64 0,
-120 -62 0,
-120 -60 0,
-120 -58 0,
-120 -56 0,
-120 -54 0,
-120 -52 0,
-120 -50 0,
-120 -48 0,
-120 -46 0,
-120 -44 0,
-120 -42 0,
-120 -40 0,
-120 -38 0,
-120 -36 0,
-120 -34 0,
-120 -32 0,
-120 -30 0,
-120 -28 0,
-120 -26 0,
-120 -24 0,
-120 -22 0,
-120 -20 0,
-120 -18 0,
-120 -16 0,
-120 -14 0,
-120 -12 0,
-120 -10 0,
-120 -8 0,
-120 -6 0,
-120 -4 0,
-120 -2 0,
-120 0 0,
-120 2 0,
-120 4 0,
-120 6 0,
-120 8 0,
-120 10 0,
-120 12 0,
-120 14 0,
-120 16 0,
-120 18 0,
-120 20 0,
-120 22 0,
-120 24 0,
-120 26 0,
-120 28 0,
-120 30 0,
-120 32 0,
-120 34 0,
-120 36 0,
-120 38 0,
-120 40 0,
-120 42 0,
-120 44 0,
-120 46 0,
-120 48 0,
-120 50 0,
-120 52 0,
-120 54 0,
-120 56 0,
-120 58 0,
-120 60 0,
-120 62 0,
-120 64 0,
-120 66 0,
-120 68 0,
-120 70 0,
-120 72 0,
-120 74 0,
-120 76 0,
-120 78 0,
-120 80 0,
-120 82 0,
-120 84 0,
-120 86 0,
-120 88 0,
-120 90 0,
-118 -90 0,
-118 -88 0,
-118 -86 0,
-118 -84 0,
-118 -82 0,
-118 -80 0,
-118 -78 0,
-118 -76 0,
-118 -74 0,
-118 -72 0,
-118 -70 0,
-118 -68 0,
-118 -66 0,
-118 -64 0,
-118 -62 0,
-118 -60 0,
-118 -58 0,
-118 -56 0,
-118 -54 0,
-118 -52 0,
-118 -50 0,
-118 -48 0,
-118 -46 0,
-118 -44 0,
-118 -42 0,
-118 -40 0,
-118 -38 0,
-118 -36 0,
-118 -34 0,
-118 -32 0,
-118 -30 0,
-118 -28 0,
-118 -26 0,
-118 -24 0,
-118 -22 0,
-118 -20 0,
-118 -18 0,
-118 -16 0,
-118 -14 0,
-118 -12 0,
-118 -10 0,
-118 -8 0,
-118 -6 0,
-118 -4 0,
-118 -2 0,
-118 0 0,
-118 2 0,
-118 4 0,
-118 6 0,
-118 8 0,
-118 10 0,
-118 12 0,
-118 14 0,
-118 16 0,
-118 18 0,
-118 20 0,
-118 22 0,
-118 24 0,
-118 26 0,
-118 28 0,
-118 30 0,
-118 32 0,
-118 34 0,
-118 36 0,
-118 38 0,
-118 40 0,
-118 42 0,
-118 44 0,
-118 46 0,
-118 48 0,
-118 50 0,
-118 52 0,
-118 54 0,
-118 56 0,
-118 58 0,
-118 60 0,
-118 62 0,
-118 64 0,
-118 66 0,
-118 68 0,
-118 70 0,
-118 72 0,
-118 74 0,
-118 76 0,
-118 78 0,
-118 80 0,
-118 82 0,
-118 84 0,
-118 86 0,
-118 88 0,
-118 90 0,
-116 -90 0,
-116 -88 0,
-116 -86 0,
-116 -84 0,
-116 -82 0,
-116 -80 0,
-116 -78 0,
-116 -76 0,
-116 -74 0,
-116 -72 0,
-116 -70 0,
-116 -68 0,
-116 -66 0,
-116 -64 0,
-116 -62 0,
-116 -60 0,
-116 -58 0,
-116 -56 0,
-116 -54 0,
-116 -52 0,
-116 -50 0,
-116 -48 0,
-116 -46 0,
-116 -44 0,
-116 -42 0,
-116 -40 0,
-116 -38 0,
-116 -36 0,
-116 -34 0,
-116 -32 0,
-116 -30 0,
-116 -28 0,
-116 -26 0,
-116 -24 0,
-116 -22 0,
-116 -20 0,
-116 -18 0,
-116 -16 0,
-116 -14 0,
-116 -12 0,
-116 -10 0,
-116 -8 0,
-116 -6 0,
-116 -4 0,
-116 -2 0,
-116 0 0,
-116 2 0,
-116 4 0,
-116 6 0,
-116 8 0,
-116 10 0,
-116 12 0,
-116 14 0,
-116 16 0,
-116 18 0,
-116 20 0,
-116 22 0,
-116 24 0,
-116 26 0,
-116 28 0,
-116 30 0,
-116 32 0,
-116 34 0,
-116 36 0,
-116 38 0,
-116 40 0,
-116 42 0,
-116 44 0,
-116 46 0,
-116 48 0,
-116 50 0,
-116 52 0,
-116 54 0,
-116 56 0,
-116 58 0,
-116 60 0,
-116 62 0,
-116 64 0,
-116 66 0,
-116 68 0,
-116 70 0,
-116 72 0,
-116 74 0,
-116 76 0,
-116 78 0,
-116 80 0,
-116 82 0,
-116 84 0,
-116 86 0,
-116 88 0,
-116 90 0,
-114 -90 0,
-114 -88 0,
-114 -86 0,
-114 -84 0,
-114 -82 0,
-114 -80 0,
-114 -78 0,
-114 -76 0,
-114 -74 0,
-114 -72 0,
-114 -70 0,
-114 -68 0,
-114 -66 0,
-114 -64 0,
-114 -62 0,
-114 -60 0,
-114 -58 0,
-114 -56 0,
-114 -54 0,
-114 -52 0,
-114 -50 0,
-114 -48 0,
-114 -46 0,
-114 -44 0,
-114 -42 0,
-114 -40 0,
-114 -38 0,
-114 -36 0,
-114 -34 0,
-114 -32 0,
-114 -30 0,
-114 -28 0,
-114 -26 0,
-114 -24 0,
-114 -22 0,
-114 -20 0,
-114 -18 0,
-114 -16 0,
-114 -14 0,
-114 -12 0,
-114 -10 0,
-114 -8 0,
-114 -6 0,
-114 -4 0,
-114 -2 0,
-114 0 0,
-114 2 0,
-114 4 0,
-114 6 0,
-114 8 0,
-114 10 0,
-114 12 0,
-114 14 0,
-114 16 0,
-114 18 0,
-114 20 0,
-114 22 0,
-114 24 0,
-114 26 0,
-114 28 0,
-114 30 0,
-114 32 0,
-114 34 0,
-114 36 0,
-114 38 0,
-114 40 0,
-114 42 0,
-114 44 0,
-114 46 0,
-114 48 0,
-114 50 0,
-114 52 0,
-114 54 0,
-114 56 0,
-114 58 0,
-114 60 0,
-114 62 0,
-114 64 0,
-114 66 0,
-114 68 0,
-114 70 0,
-114 72 0,
-114 74 0,
-114 76 0,
-114 78 0,
-114 80 0,
-114 82 0,
-114 84 0,
-114 86 0,
-114 88 0,
-114 90 0,
-112 -90 0,
-112 -88 0,
-112 -86 0,
-112 -84 0,
-112 -82 0,
-112 -80 0,
-112 -78 0,
-112 -76 0,
-112 -74 0,
-112 -72 0,
-112 -70 0,
-112 -68 0,
-112 -66 0,
-112 -64 0,
-112 -62 0,
-112 -60 0,
-112 -58 0,
-112 -56 0,
-112 -54 0,
-112 -52 0,
-112 -50 0,
-112 -48 0,
-112 -46 0,
-112 -44 0,
-112 -42 0,
-112 -40 0,
-112 -38 0,
-112 -36 0,
-112 -34 0,
-112 -32 0,
-112 -30 0,
-112 -28 0,
-112 -26 0,
-112 -24 0,
-112 -22 0,
-112 -20 0,
-112 -18 0,
-112 -16 0,
-112 -14 0,
-112 -12 0,
-112 -10 0,
-112 -8 0,
-112 -6 0,
-112 -4 0,
-112 -2 0,
-112 0 0,
-112 2 0,
-112 4 0,
-112 6 0,
-112 8 0,
-112 10 0,
-112 12 0,
-112 14 0,
-112 16 0,
-112 18 0,
-112 20 0,
-112 22 0,
-112 24 0,
-112 26 0,
-112 28 0,
-112 30 0,
-112 32 0,
-112 34 0,
-112 36 0,
-112 38 0,
-112 40 0,
-112 42 0,
-112 44 0,
-112 46 0,
-112 48 0,
-112 50 0,
-112 52 0,
-112 54 0,
-112 56 0,
-112 58 0,
-112 60 0,
-112 62 0,
-112 64 0,
-112 66 0,
-112 68 0,
-112 70 0,
-112 72 0,
-112 74 0,
-112 76 0,
-112 78 0,
-112 80 0,
-112 82 0,
-112 84 0,
-112 86 0,
-112 88 0,
-112 90 0,
-110 -90 0,
-110 -88 0,
-110 -86 0,
-110 -84 0,
-110 -82 0,
-110 -80 0,
-110 -78 0,
-110 -76 0,
-110 -74 0,
-110 -72 0,
-110 -70 0,
-110 -68 0,
-110 -66 0,
-110 -64 0,
-110 -62 0,
-110 -60 0,
-110 -58 0,
-110 -56 0,
-110 -54 0,
-110 -52 0,
-110 -50 0,
-110 -48 0,
-110 -46 0,
-110 -44 0,
-110 -42 0,
-110 -40 0,
-110 -38 0,
-110 -36 0,
-110 -34 0,
-110 -32 0,
-110 -30 0,
-110 -28 0,
-110 -26 0,
-110 -24 0,
-110 -22 0,
-110 -20 0,
-110 -18 0,
-110 -16 0,
-110 -14 0,
-110 -12 0,
-110 -10 0,
-110 -8 0,
-110 -6 0,
-110 -4 0,
-110 -2 0,
-110 0 0,
-110 2 0,
-110 4 0,
-110 6 0,
-110 8 0,
-110 10 0,
-110 12 0,
-110 14 0,
-110 16 0,
-110 18 0,
-110 20 0,
-110 22 0,
-110 24 0,
-110 26 0,
-110 28 0,
-110 30 0,
-110 32 0,
-110 34 0,
-110 36 0,
-110 38 0,
-110 40 0,
-110 42 0,
-110 44 0,
-110 46 0,
-110 48 0,
-110 50 0,
-110 52 0,
-110 54 0,
-110 56 0,
-110 58 0,
-110 60 0,
-110 62 0,
-110 64 0,
-110 66 0,
-110 68 0,
-110 70 0,
-110 72 0,
-110 74 0,
-110 76 0,
-110 78 0,
-110 80 0,
-110 82 0,
-110 84 0,
-110 86 0,
-110 88 0,
-110 90 0,
-108 -90 0,
-108 -88 0,
-108 -86 0,
-108 -84 0,
-108 -82 0,
-108 -80 0,
-108 -78 0,
-108 -76 0,
-108 -74 0,
-108 -72 0,
-108 -70 0,
-108 -68 0,
-108 -66 0,
-108 -64 0,
-108 -62 0,
-108 -60 0,
-108 -58 0,
-108 -56 0,
-108 -54 0,
-108 -52 0,
-108 -50 0,
-108 -48 0,
-108 -46 0,
-108 -44 0,
-108 -42 0,
-108 -40 0,
-108 -38 0,
-108 -36 0,
-108 -34 0,
-108 -32 0,
-108 -30 0,
-108 -28 0,
-108 -26 0,
-108 -24 0,
-108 -22 0,
-108 -20 0,
-108 -18 0,
-108 -16 0,
-108 -14 0,
-108 -12 0,
-108 -10 0,
-108 -8 0,
-108 -6 0,
-108 -4 0,
-108 -2 0,
-108 0 0,
-108 2 0,
-108 4 0,
-108 6 0,
-108 8 0,
-108 10 0,
-108 12 0,
-108 14 0,
-108 16 0,
-108 18 0,
-108 20 0,
-108 22 0,
-108 24 0,
-108 26 0,
-108 28 0,
-108 30 0,
-108 32 0,
-108 34 0,
-108 36 0,
-108 38 0,
-108 40 0,
-108 42 0,
-108 44 0,
-108 46 0,
-108 48 0,
-108 50 0,
-108 52 0,
-108 54 0,
-108 56 0,
-108 58 0,
-108 60 0,
-108 62 0,
-108 64 0,
-108 66 0,
-108 68 0,
-108 70 0,
-108 72 0,
-108 74 0,
-108 76 0,
-108 78 0,
-108 80 0,
-108 82 0,
-108 84 0,
-108 86 0,
-108 88 0,
-108 90 0,
-106 -90 0,
-106 -88 0,
-106 -86 0,
-106 -84 0,
-106 -82 0,
-106 -80 0,
-106 -78 0,
-106 -76 0,
-106 -74 0,
-106 -72 0,
-106 -70 0,
-106 -68 0,
-106 -66 0,
-106 -64 0,
-106 -62 0,
-106 -60 0,
-106 -58 0,
-106 -56 0,
-106 -54 0,
-106 -52 0,
-106 -50 0,
-106 -48 0,
-106 -46 0,
-106 -44 0,
-106 -42 0,
-106 -40 0,
-106 -38 0,
-106 -36 0,
-106 -34 0,
-106 -32 0,
-106 -30 0,
-106 -28 0,
-106 -26 0,
-106 -24 0,
-106 -22 0,
-106 -20 0,
-106 -18 0,
-106 -16 0,
-106 -14 0,
-106 -12 0,
-106 -10 0,
-106 -8 0,
-106 -6 0,
-106 -4 0,
-106 -2 0,
-106 0 0,
-106 2 0,
-106 4 0,
-106 6 0,
-106 8 0,
-106 10 0,
-106 12 0,
-106 14 0,
-106 16 0,
-106 18 0,
-106 20 0,
-106 22 0,
-106 24 0,
-106 26 0,
-106 28 0,
-106 30 0,
-106 32 0,
-106 34 0,
-106 36 0,
-106 38 0,
-106 40 0,
-106 42 0,
-106 44 0,
-106 46 0,
-106 48 0,
-106 50 0,
-106 52 0,
-106 54 0,
-106 56 0,
-106 58 0,
-106 60 0,
-106 62 0,
-106 64 0,
-106 66 0,
-106 68 0,
-106 70 0,
-106 72 0,
-106 74 0,
-106 76 0,
-106 78 0,
-106 80 0,
-106 82 0,
-106 84 0,
-106 86 0,
-106 88 0,
-106 90 0,
-104 -90 0,
-104 -88 0,
-104 -86 0,
-104 -84 0,
-104 -82 0,
-104 -80 0,
-104 -78 0,
-104 -76 0,
-104 -74 0,
-104 -72 0,
-104 -70 0,
-104 -68 0,
-104 -66 0,
-104 -64 0,
-104 -62 0,
-104 -60 0,
-104 -58 0,
-104 -56 0,
-104 -54 0,
-104 -52 0,
-104 -50 0,
-104 -48 0,
-104 -46 0,
-104 -44 0,
-104 -42 0,
-104 -40 0,
-104 -38 0,
-104 -36 0,
-104 -34 0,
-104 -32 0,
-104 -30 0,
-104 -28 0,
-104 -26 0,
-104 -24 0,
-104 -22 0,
-104 -20 0,
-104 -18 0,
-104 -16 0,
-104 -14 0,
-104 -12 0,
-104 -10 0,
-104 -8 0,
-104 -6 0,
-104 -4 0,
-104 -2 0,
-104 0 0,
-104 2 0,
-104 4 0,
-104 6 0,
-104 8 0,
-104 10 0,
-104 12 0,
-104 14 0,
-104 16 0,
-104 18 0,
-104 20 0,
-104 22 0,
-104 24 0,
-104 26 0,
-104 28 0,
-104 30 0,
-104 32 0,
-104 34 0,
-104 36 0,
-104 38 0,
-104 40 0,
-104 42 0,
-104 44 0,
-104 46 0,
-104 48 0,
-104 50 0,
-104 52 0,
-104 54 0,
-104 56 0,
-104 58 0,
-104 60 0,
-104 62 0,
-104 64 0,
-104 66 0,
-104 68 0,
-104 70 0,
-104 72 0,
-104 74 0,
-104 76 0,
-104 78 0,
-104 80 0,
-104 82 0,
-104 84 0,
-104 86 0,
-104 88 0,
-104 90 0,
-102 -90 0,
-102 -88 0,
-102 -86 0,
-102 -84 0,
-102 -82 0,
-102 -80 0,
-102 -78 0,
-102 -76 0,
-102 -74 0,
-102 -72 0,
-102 -70 0,
-102 -68 0,
-102 -66 0,
-102 -64 0,
-102 -62 0,
-102 -60 0,
-102 -58 0,
-102 -56 0,
-102 -54 0,
-102 -52 0,
-102 -50 0,
-102 -48 0,
-102 -46 0,
-102 -44 0,
-102 -42 0,
-102 -40 0,
-102 -38 0,
-102 -36 0,
-102 -34 0,
-102 -32 0,
-102 -30 0,
-102 -28 0,
-102 -26 0,
-102 -24 0,
-102 -22 0,
-102 -20 0,
-102 -18 0,
-102 -16 0,
-102 -14 0,
-102 -12 0,
-102 -10 0,
-102 -8 0,
-102 -6 0,
-102 -4 0,
-102 -2 0,
-102 0 0,
-102 2 0,
-102 4 0,
-102 6 0,
-102 8 0,
-102 10 0,
-102 12 0,
-102 14 0,
-102 16 0,
-102 18 0,
-102 20 0,
-102 22 0,
-102 24 0,
-102 26 0,
-102 28 0,
-102 30 0,
-102 32 0,
-102 34 0,
-102 36 0,
-102 38 0,
-102 40 0,
-102 42 0,
-102 44 0,
-102 46 0,
-102 48 0,
-102 50 0,
-102 52 0,
-102 54 0,
-102 56 0,
-102 58 0,
-102 60 0,
-102 62 0,
-102 64 0,
-102 66 0,
-102 68 0,
-102 70 0,
-102 72 0,
-102 74 0,
-102 76 0,
-102 78 0,
-102 80 0,
-102 82 0,
-102 84 0,
-102 86 0,
-102 88 0,
-102 90 0,
-100 -90 0,
-100 -88 0,
-100 -86 0,
-100 -84 0,
-100 -82 0,
-100 -80 0,
-100 -78 0,
-100 -76 0,
-100 -74 0,
-100 -72 0,
-100 -70 0,
-100 -68 0,
-100 -66 0,
-100 -64 0,
-100 -62 0,
-100 -60 0,
-100 -58 0,
-100 -56 0,
-100 -54 0,
-100 -52 0,
-100 -50 0,
-100 -48 0,
-100 -46 0,
-100 -44 0,
-100 -42 0,
-100 -40 0,
-100 -38 0,
-100 -36 0,
-100 -34 0,
-100 -32 0,
-100 -30 0,
-100 -28 0,
-100 -26 0,
-100 -24 0,
-100 -22 0,
-100 -20 0,
-100 -18 0,
-100 -16 0,
-100 -14 0,
-100 -12 0,
-100 -10 0,
-100 -8 0,
-100 -6 0,
-100 -4 0,
-100 -2 0,
-100 0 0,
-100 2 0,
-100 4 0,
-100 6 0,
-100 8 0,
-100 10 0,
-100 12 0,
-100 14 0,
-100 16 0,
-100 18 0,
-100 20 0,
-100 22 0,
-100 24 0,
-100 26 0,
-100 28 0,
-100 30 0,
-100 32 0,
-100 34 0,
-100 36 0,
-100 38 0,
-100 40 0,
-100 42 0,
-100 44 0,
-100 46 0,
-100 48 0,
-100 50 0,
-100 52 0,
-100 54 0,
-100 56 0,
-100 58 0,
-100 60 0,
-100 62 0,
-100 64 0,
-100 66 0,
-100 68 0,
-100 70 0,
-100 72 0,
-100 74 0,
-100 76 0,
-100 78 0,
-100 80 0,
-100 82 0,
-100 84 0,
-100 86 0,
-100 88 0,
-100 90 0,
-98 -90 0,
-98 -88 0,
-98 -86 0,
-98 -84 0,
-98 -82 0,
-98 -80 0,
-98 -78 0,
-98 -76 0,
-98 -74 0,
-98 -72 0,
-98 -70 0,
-98 -68 0,
-98 -66 0,
-98 -64 0,
-98 -62 0,
-98 -60 0,
-98 -58 0,
-98 -56 0,
-98 -54 0,
-98 -52 0,
-98 -50 0,
-98 -48 0,
-98 -46 0,
-98 -44 0,
-98 -42 0,
-98 -40 0,
-98 -38 0,
-98 -36 0,
-98 -34 0,
-98 -32 0,
-98 -30 0,
-98 -28 0,
-98 -26 0,
-98 -24 0,
-98 -22 0,
-98 -20 0,
-98 -18 0,
-98 -16 0,
-98 -14 0,
-98 -12 0,
-98 -10 0,
-98 -8 0,
-98 -6 0,
-98 -4 0,
-98 -2 0,
-98 0 0,
-98 2 0,
-98 4 0,
-98 6 0,
-98 8 0,
-98 10 0,
-98 12 0,
-98 14 0,
-98 16 0,
-98 18 0,
-98 20 0,
-98 22 0,
-98 24 0,
-98 26 0,
-98 28 0,
-98 30 0,
-98 32 0,
-98 34 0,
-98 36 0,
-98 38 0,
-98 40 0,
-98 42 0,
-98 44 0,
-98 46 0,
-98 48 0,
-98 50 0,
-98 52 0,
-98 54 0,
-98 56 0,
-98 58 0,
-98 60 0,
-98 62 0,
-98 64 0,
-98 66 0,
-98 68 0,
-98 70 0,
-98 72 0,
-98 74 0,
-98 76 0,
-98 78 0,
-98 80 0,
-98 82 0,
-98 84 0,
-98 86 0,
-98 88 0,
-98 90 0,
-96 -90 0,
-96 -88 0,
-96 -86 0,
-96 -84 0,
-96 -82 0,
-96 -80 0,
-96 -78 0,
-96 -76 0,
-96 -74 0,
-96 -72 0,
-96 -70 0,
-96 -68 0,
-96 -66 0,
-96 -64 0,
-96 -62 0,
-96 -60 0,
-96 -58 0,
-96 -56 0,
-96 -54 0,
-96 -52 0,
-96 -50 0,
-96 -48 0,
-96 -46 0,
-96 -44 0,
-96 -42 0,
-96 -40 0,
-96 -38 0,
-96 -36 0,
-96 -34 0,
-96 -32 0,
-96 -30 0,
-96 -28 0,
-96 -26 0,
-96 -24 0,
-96 -22 0,
-96 -20 0,
-96 -18 0,
-96 -16 0,
-96 -14 0,
-96 -12 0,
-96 -10 0,
-96 -8 0,
-96 -6 0,
-96 -4 0,
-96 -2 0,
-96 0 0,
-96 2 0,
-96 4 0,
-96 6 0,
-96 8 0,
-96 10 0,
-96 12 0,
-96 14 0,
-96 16 0,
-96 18 0,
-96 20 0,
-96 22 0,
-96 24 0,
-96 26 0,
-96 28 0,
-96 30 0,
-96 32 0,
-96 34 0,
-96 36 0,
-96 38 0,
-96 40 0,
-96 42 0,
-96 44 0,
-96 46 0,
-96 48 0,
-96 50 0,
-96 52 0,
-96 54 0,
-96 56 0,
-96 58 0,
-96 60 0,
-96 62 0,
-96 64 0,
-96 66 0,
-96 68 0,
-96 70 0,
-96 72 0,
-96 74 0,
-96 76 0,
-96 78 0,
-96 80 0,
-96 82 0,
-96 84 0,
-96 86 0,
-96 88 0,
-96 90 0,
-94 -90 0,
-94 -88 0,
-94 -86 0,
-94 -84 0,
-94 -82 0,
-94 -80 0,
-94 -78 0,
-94 -76 0,
-94 -74 0,
-94 -72 0,
-94 -70 0,
-94 -68 0,
-94 -66 0,
-94 -64 0,
-94 -62 0,
-94 -60 0,
-94 -58 0,
-94 -56 0,
-94 -54 0,
-94 -52 0,
-94 -50 0,
-94 -48 0,
-94 -46 0,
-94 -44 0,
-94 -42 0,
-94 -40 0,
-94 -38 0,
-94 -36 0,
-94 -34 0,
-94 -32 0,
-94 -30 0,
-94 -28 0,
-94 -26 0,
-94 -24 0,
-94 -22 0,
-94 -20 0,
-94 -18 0,
-94 -16 0,
-94 -14 0,
-94 -12 0,
-94 -10 0,
-94 -8 0,
-94 -6 0,
-94 -4 0,
-94 -2 0,
-94 0 0,
-94 2 0,
-94 4 0,
-94 6 0,
-94 8 0,
-94 10 0,
-94 12 0,
-94 14 0,
-94 16 0,
-94 18 0,
-94 20 0,
-94 22 0,
-94 24 0,
-94 26 0,
-94 28 0,
-94 30 0,
-94 32 0,
-94 34 0,
-94 36 0,
-94 38 0,
-94 40 0,
-94 42 0,
-94 44 0,
-94 46 0,
-94 48 0,
-94 50 0,
-94 52 0,
-94 54 0,
-94 56 0,
-94 58 0,
-94 60 0,
-94 62 0,
-94 64 0,
-94 66 0,
-94 68 0,
-94 70 0,
-94 72 0,
-94 74 0,
-94 76 0,
-94 78 0,
-94 80 0,
-94 82 0,
-94 84 0,
-94 86 0,
-94 88 0,
-94 90 0,
-92 -90 0,
-92 -88 0,
-92 -86 0,
-92 -84 0,
-92 -82 0,
-92 -80 0,
-92 -78 0,
-92 -76 0,
-92 -74 0,
-92 -72 0,
-92 -70 0,
-92 -68 0,
-92 -66 0,
-92 -64 0,
-92 -62 0,
-92 -60 0,
-92 -58 0,
-92 -56 0,
-92 -54 0,
-92 -52 0,
-92 -50 0,
-92 -48 0,
-92 -46 0,
-92 -44 0,
-92 -42 0,
-92 -40 0,
-92 -38 0,
-92 -36 0,
-92 -34 0,
-92 -32 0,
-92 -30 0,
-92 -28 0,
-92 -26 0,
-92 -24 0,
-92 -22 0,
-92 -20 0,
-92 -18 0,
-92 -16 0,
-92 -14 0,
-92 -12 0,
-92 -10 0,
-92 -8 0,
-92 -6 0,
-92 -4 0,
-92 -2 0,
-92 0 0,
-92 2 0,
-92 4 0,
-92 6 0,
-92 8 0,
-92 10 0,
-92 12 0,
-92 14 0,
-92 16 0,
-92 18 0,
-92 20 0,
-92 22 0,
-92 24 0,
-92 26 0,
-92 28 0,
-92 30 0,
-92 32 0,
-92 34 0,
-92 36 0,
-92 38 0,
-92 40 0,
-92 42 0,
-92 44 0,
-92 46 0,
-92 48 0,
-92 50 0,
-92 52 0,
-92 54 0,
-92 56 0,
-92 58 0,
-92 60 0,
-92 62 0,
-92 64 0,
-92 66 0,
-92 68 0,
-92 70 0,
-92 72 0,
-92 74 0,
-92 76 0,
-92 78 0,
-92 80 0,
-92 82 0,
-92 84 0,
-92 86 0,
-92 88 0,
-92 90 0,
-90 -90 0,
-90 -88 0,
-90 -86 0,
-90 -84 0,
-90 -82 0,
-90 -80 0,
-90 -78 0,
-90 -76 0,
-90 -74 0,
-90 -72 0,
-90 -70 0,
-90 -68 0,
-90 -66 0,
-90 -64 0,
-90 -62 0,
-90 -60 0,
-90 -58 0,
-90 -56 0,
-90 -54 0,
-90 -52 0,
-90 -50 0,
-90 -48 0,
-90 -46 0,
-90 -44 0,
-90 -42 0,
-90 -40 0,
-90 -38 0,
-90 -36 0,
-90 -34 0,
-90 -32 0,
-90 -30 0,
-90 -28 0,
-90 -26 0,
-90 -24 0,
-90 -22 0,
-90 -20 0,
-90 -18 0,
-90 -16 0,
-90 -14 0,
-90 -12 0,
-90 -10 0,
-90 -8 0,
-90 -6 0,
-90 -4 0,
-90 -2 0,
-90 0 0,
-90 2 0,
-90 4 0,
-90 6 0,
-90 8 0,
-90 10 0,
-90 12 0,
-90 14 0,
-90 16 0,
-90 18 0,
-90 20 0,
-90 22 0,
-90 24 0,
-90 26 0,
-90 28 0,
-90 30 0,
-90 32 0,
-90 34 0,
-90 36 0,
-90 38 0,
-90 40 0,
-90 42 0,
-90 44 0,
-90 46 0,
-90 48 0,
-90 50 0,
-90 52 0,
-90 54 0,
-90 56 0,
-90 58 0,
-90 60 0,
-90 62 0,
-90 64 0,
-90 66 0,
-90 68 0,
-90 70 0,
-90 72 0,
-90 74 0,
-90 76 0,
-90 78 0,
-90 80 0,
-90 82 0,
-90 84 0,
-90 86 0,
-90 88 0,
-90 90 0,
-88 -90 0,
-88 -88 0,
-88 -86 0,
-88 -84 0,
-88 -82 0,
-88 -80 0,
-88 -78 0,
-88 -76 0,
-88 -74 0,
-88 -72 0,
-88 -70 0,
-88 -68 0,
-88 -66 0,
-88 -64 0,
-88 -62 0,
-88 -60 0,
-88 -58 0,
-88 -56 0,
-88 -54 0,
-88 -52 0,
-88 -50 0,
-88 -48 0,
-88 -46 0,
-88 -44 0,
-88 -42 0,
-88 -40 0,
-88 -38 0,
-88 -36 0,
-88 -34 0,
-88 -32 0,
-88 -30 0,
-88 -28 0,
-88 -26 0,
-88 -24 0,
-88 -22 0,
-88 -20 0,
-88 -18 0,
-88 -16 0,
-88 -14 0,
-88 -12 0,
-88 -10 0,
-88 -8 0,
-88 -6 0,
-88 -4 0,
-88 -2 0,
-88 0 0,
-88 2 0,
-88 4 0,
-88 6 0,
-88 8 0,
-88 10 0,
-88 12 0,
-88 14 0,
-88 16 0,
-88 18 0,
-88 20 0,
-88 22 0,
-88 24 0,
-88 26 0,
-88 28 0,
-88 30 0,
-88 32 0,
-88 34 0,
-88 36 0,
-88 38 0,
-88 40 0,
-88 42 0,
-88 44 0,
-88 46 0,
-88 48 0,
-88 50 0,
-88 52 0,
-88 54 0,
-88 56 0,
-88 58 0,
-88 60 0,
-88 62 0,
-88 64 0,
-88 66 0,
-88 68 0,
-88 70 0,
-88 72 0,
-88 74 0,
-88 76 0,
-88 78 0,
-88 80 0,
-88 82 0,
-88 84 0,
-88 86 0,
-88 88 0,
-88 90 0,
-86 -90 0,
-86 -88 0,
-86 -86 0,
-86 -84 0,
-86 -82 0,
-86 -80 0,
-86 -78 0,
-86 -76 0,
-86 -74 0,
-86 -72 0,
-86 -70 0,
-86 -68 0,
-86 -66 0,
-86 -64 0,
-86 -62 0,
-86 -60 0,
-86 -58 0,
-86 -56 0,
-86 -54 0,
-86 -52 0,
-86 -50 0,
-86 -48 0,
-86 -46 0,
-86 -44 0,
-86 -42 0,
-86 -40 0,
-86 -38 0,
-86 -36 0,
-86 -34 0,
-86 -32 0,
-86 -30 0,
-86 -28 0,
-86 -26 0,
-86 -24 0,
-86 -22 0,
-86 -20 0,
-86 -18 0,
-86 -16 0,
-86 -14 0,
-86 -12 0,
-86 -10 0,
-86 -8 0,
-86 -6 0,
-86 -4 0,
-86 -2 0,
-86 0 0,
-86 2 0,
-86 4 0,
-86 6 0,
-86 8 0,
-86 10 0,
-86 12 0,
-86 14 0,
-86 16 0,
-86 18 0,
-86 20 0,
-86 22 0,
-86 24 0,
-86 26 0,
-86 28 0,
-86 30 0,
-86 32 0,
-86 34 0,
-86 36 0,
-86 38 0,
-86 40 0,
-86 42 0,
-86 44 0,
-86 46 0,
-86 48 0,
-86 50 0,
-86 52 0,
-86 54 0,
-86 56 0,
-86 58 0,
-86 60 0,
-86 62 0,
-86 64 0,
-86 66 0,
-86 68 0,
-86 70 0,
-86 72 0,
-86 74 0,
-86 76 0,
-86 78 0,
-86 80 0,
-86 82 0,
-86 84 0,
-86 86 0,
-86 88 0,
-86 90 0,
-84 -90 0,
-84 -88 0,
-84 -86 0,
-84 -84 0,
-84 -82 0,
-84 -80 0,
-84 -78 0,
-84 -76 0,
-84 -74 0,
-84 -72 0,
-84 -70 0,
-84 -68 0,
-84 -66 0,
-84 -64 0,
-84 -62 0,
-84 -60 0,
-84 -58 0,
-84 -56 0,
-84 -54 0,
-84 -52 0,
-84 -50 0,
-84 -48 0,
-84 -46 0,
-84 -44 0,
-84 -42 0,
-84 -40 0,
-84 -38 0,
-84 -36 0,
-84 -34 0,
-84 -32 0,
-84 -30 0,
-84 -28 0,
-84 -26 0,
-84 -24 0,
-84 -22 0,
-84 -20 0,
-84 -18 0,
-84 -16 0,
-84 -14 0,
-84 -12 0,
-84 -10 0,
-84 -8 0,
-84 -6 0,
-84 -4 0,
-84 -2 0,
-84 0 0,
-84 2 0,
-84 4 0,
-84 6 0,
-84 8 0,
-84 10 0,
-84 12 0,
-84 14 0,
-84 16 0,
-84 18 0,
-84 20 0,
-84 22 0,
-84 24 0,
-84 26 0,
-84 28 0,
-84 30 0,
-84 32 0,
-84 34 0,
-84 36 0,
-84 38 0,
-84 40 0,
-84 42 0,
-84 44 0,
-84 46 0,
-84 48 0,
-84 50 0,
-84 52 0,
-84 54 0,
-84 56 0,
-84 58 0,
-84 60 0,
-84 62 0,
-84 64 0,
-84 66 0,
-84 68 0,
-84 70 0,
-84 72 0,
-84 74 0,
-84 76 0,
-84 78 0,
-84 80 0,
-84 82 0,
-84 84 0,
-84 86 0,
-84 88 0,
-84 90 0,
-82 -90 0,
-82 -88 0,
-82 -86 0,
-82 -84 0,
-82 -82 0,
-82 -80 0,
-82 -78 0,
-82 -76 0,
-82 -74 0,
-82 -72 0,
-82 -70 0,
-82 -68 0,
-82 -66 0,
-82 -64 0,
-82 -62 0,
-82 -60 0,
-82 -58 0,
-82 -56 0,
-82 -54 0,
-82 -52 0,
-82 -50 0,
-82 -48 0,
-82 -46 0,
-82 -44 0,
-82 -42 0,
-82 -40 0,
-82 -38 0,
-82 -36 0,
-82 -34 0,
-82 -32 0,
-82 -30 0,
-82 -28 0,
-82 -26 0,
-82 -24 0,
-82 -22 0,
-82 -20 0,
-82 -18 0,
-82 -16 0,
-82 -14 0,
-82 -12 0,
-82 -10 0,
-82 -8 0,
-82 -6 0,
-82 -4 0,
-82 -2 0,
-82 0 0,
-82 2 0,
-82 4 0,
-82 6 0,
-82 8 0,
-82 10 0,
-82 12 0,
-82 14 0,
-82 16 0,
-82 18 0,
-82 20 0,
-82 22 0,
-82 24 0,
-82 26 0,
-82 28 0,
-82 30 0,
-82 32 0,
-82 34 0,
-82 36 0,
-82 38 0,
-82 40 0,
-82 42 0,
-82 44 0,
-82 46 0,
-82 48 0,
-82 50 0,
-82 52 0,
-82 54 0,
-82 56 0,
-82 58 0,
-82 60 0,
-82 62 0,
-82 64 0,
-82 66 0,
-82 68 0,
-82 70 0,
-82 72 0,
-82 74 0,
-82 76 0,
-82 78 0,
-82 80 0,
-82 82 0,
-82 84 0,
-82 86 0,
-82 88 0,
-82 90 0,
-80 -90 0,
-80 -88 0,
-80 -86 0,
-80 -84 0,
-80 -82 0,
-80 -80 0,
-80 -78 0,
-80 -76 0,
-80 -74 0,
-80 -72 0,
-80 -70 0,
-80 -68 0,
-80 -66 0,
-80 -64 0,
-80 -62 0,
-80 -60 0,
-80 -58 0,
-80 -56 0,
-80 -54 0,
-80 -52 0,
-80 -50 0,
-80 -48 0,
-80 -46 0,
-80 -44 0,
-80 -42 0,
-80 -40 0,
-80 -38 0,
-80 -36 0,
-80 -34 0,
-80 -32 0,
-80 -30 0,
-80 -28 0,
-80 -26 0,
-80 -24 0,
-80 -22 0,
-80 -20 0,
-80 -18 0,
-80 -16 0,
-80 -14 0,
-80 -12 0,
-80 -10 0,
-80 -8 0,
-80 -6 0,
-80 -4 0,
-80 -2 0,
-80 0 0,
-80 2 0,
-80 4 0,
-80 6 0,
-80 8 0,
-80 10 0,
-80 12 0,
-80 14 0,
-80 16 0,
-80 18 0,
-80 20 0,
-80 22 0,
-80 24 0,
-80 26 0,
-80 28 0,
-80 30 0,
-80 32 0,
-80 34 0,
-80 36 0,
-80 38 0,
-80 40 0,
-80 42 0,
-80 44 0,
-80 46 0,
-80 48 0,
-80 50 0,
-80 52 0,
-80 54 0,
-80 56 0,
-80 58 0,
-80 60 0,
-80 62 0,
-80 64 0,
-80 66 0,
-80 68 0,
-80 70 0,
-80 72 0,
-80 74 0,
-80 76 0,
-80 78 0,
-80 80 0,
-80 82 0,
-80 84 0,
-80 86 0,
-80 88 0,
-80 90 0,
-78 -90 0,
-78 -88 0,
-78 -86 0,
-78 -84 0,
-78 -82 0,
-78 -80 0,
-78 -78 0,
-78 -76 0,
-78 -74 0,
-78 -72 0,
-78 -70 0,
-78 -68 0,
-78 -66 0,
-78 -64 0,
-78 -62 0,
-78 -60 0,
-78 -58 0,
-78 -56 0,
-78 -54 0,
-78 -52 0,
-78 -50 0,
-78 -48 0,
-78 -46 0,
-78 -44 0,
-78 -42 0,
-78 -40 0,
-78 -38 0,
-78 -36 0,
-78 -34 0,
-78 -32 0,
-78 -30 0,
-78 -28 0,
-78 -26 0,
-78 -24 0,
-78 -22 0,
-78 -20 0,
-78 -18 0,
-78 -16 0,
-78 -14 0,
-78 -12 0,
-78 -10 0,
-78 -8 0,
-78 -6 0,
-78 -4 0,
-78 -2 0,
-78 0 0,
-78 2 0,
-78 4 0,
-78 6 0,
-78 8 0,
-78 10 0,
-78 12 0,
-78 14 0,
-78 16 0,
-78 18 0,
-78 20 0,
-78 22 0,
-78 24 0,
-78 26 0,
-78 28 0,
-78 30 0,
-78 32 0,
-78 34 0,
-78 36 0,
-78 38 0,
-78 40 0,
-78 42 0,
-78 44 0,
-78 46 0,
-78 48 0,
-78 50 0,
-78 52 0,
-78 54 0,
-78 56 0,
-78 58 0,
-78 60 0,
-78 62 0,
-78 64 0,
-78 66 0,
-78 68 0,
-78 70 0,
-78 72 0,
-78 74 0,
-78 76 0,
-78 78 0,
-78 80 0,
-78 82 0,
-78 84 0,
-78 86 0,
-78 88 0,
-78 90 0,
-76 -90 0,
-76 -88 0,
-76 -86 0,
-76 -84 0,
-76 -82 0,
-76 -80 0,
-76 -78 0,
-76 -76 0,
-76 -74 0,
-76 -72 0,
-76 -70 0,
-76 -68 0,
-76 -66 0,
-76 -64 0,
-76 -62 0,
-76 -60 0,
-76 -58 0,
-76 -56 0,
-76 -54 0,
-76 -52 0,
-76 -50 0,
-76 -48 0,
-76 -46 0,
-76 -44 0,
-76 -42 0,
-76 -40 0,
-76 -38 0,
-76 -36 0,
-76 -34 0,
-76 -32 0,
-76 -30 0,
-76 -28 0,
-76 -26 0,
-76 -24 0,
-76 -22 0,
-76 -20 0,
-76 -18 0,
-76 -16 0,
-76 -14 0,
-76 -12 0,
-76 -10 0,
-76 -8 0,
-76 -6 0,
-76 -4 0,
-76 -2 0,
-76 0 0,
-76 2 0,
-76 4 0,
-76 6 0,
-76 8 0,
-76 10 0,
-76 12 0,
-76 14 0,
-76 16 0,
-76 18 0,
-76 20 0,
-76 22 0,
-76 24 0,
-76 26 0,
-76 28 0,
-76 30 0,
-76 32 0,
-76 34 0,
-76 36 0,
-76 38 0,
-76 40 0,
-76 42 0,
-76 44 0,
-76 46 0,
-76 48 0,
-76 50 0,
-76 52 0,
-76 54 0,
-76 56 0,
-76 58 0,
-76 60 0,
-76 62 0,
-76 64 0,
-76 66 0,
-76 68 0,
-76 70 0,
-76 72 0,
-76 74 0,
-76 76 0,
-76 78 0,
-76 80 0,
-76 82 0,
-76 84 0,
-76 86 0,
-76 88 0,
-76 90 0,
-74 -90 0,
-74 -88 0,
-74 -86 0,
-74 -84 0,
-74 -82 0,
-74 -80 0,
-74 -78 0,
-74 -76 0,
-74 -74 0,
-74 -72 0,
-74 -70 0,
-74 -68 0,
-74 -66 0,
-74 -64 0,
-74 -62 0,
-74 -60 0,
-74 -58 0,
-74 -56 0,
-74 -54 0,
-74 -52 0,
-74 -50 0,
-74 -48 0,
-74 -46 0,
-74 -44 0,
-74 -42 0,
-74 -40 0,
-74 -38 0,
-74 -36 0,
-74 -34 0,
-74 -32 0,
-74 -30 0,
-74 -28 0,
-74 -26 0,
-74 -24 0,
-74 -22 0,
-74 -20 0,
-74 -18 0,
-74 -16 0,
-74 -14 0,
-74 -12 0,
-74 -10 0,
-74 -8 0,
-74 -6 0,
-74 -4 0,
-74 -2 0,
-74 0 0,
-74 2 0,
-74 4 0,
-74 6 0,
-74 8 0,
-74 10 0,
-74 12 0,
-74 14 0,
-74 16 0,
-74 18 0,
-74 20 0,
-74 22 0,
-74 24 0,
-74 26 0,
-74 28 0,
-74 30 0,
-74 32 0,
-74 34 0,
-74 36 0,
-74 38 0,
-74 40 0,
-74 42 0,
-74 44 0,
-74 46 0,
-74 48 0,
-74 50 0,
-74 52 0,
-74 54 0,
-74 56 0,
-74 58 0,
-74 60 0,
-74 62 0,
-74 64 0,
-74 66 0,
-74 68 0,
-74 70 0,
-74 72 0,
-74 74 0,
-74 76 0,
-74 78 0,
-74 80 0,
-74 82 0,
-74 84 0,
-74 86 0,
-74 88 0,
-74 90 0,
-72 -90 0,
-72 -88 0,
-72 -86 0,
-72 -84 0,
-72 -82 0,
-72 -80 0,
-72 -78 0,
-72 -76 0,
-72 -74 0,
-72 -72 0,
-72 -70 0,
-72 -68 0,
-72 -66 0,
-72 -64 0,
-72 -62 0,
-72 -60 0,
-72 -58 0,
-72 -56 0,
-72 -54 0,
-72 -52 0,
-72 -50 0,
-72 -48 0,
-72 -46 0,
-72 -44 0,
-72 -42 0,
-72 -40 0,
-72 -38 0,
-72 -36 0,
-72 -34 0,
-72 -32 0,
-72 -30 0,
-72 -28 0,
-72 -26 0,
-72 -24 0,
-72 -22 0,
-72 -20 0,
-72 -18 0,
-72 -16 0,
-72 -14 0,
-72 -12 0,
-72 -10 0,
-72 -8 0,
-72 -6 0,
-72 -4 0,
-72 -2 0,
-72 0 0,
-72 2 0,
-72 4 0,
-72 6 0,
-72 8 0,
-72 10 0,
-72 12 0,
-72 14 0,
-72 16 0,
-72 18 0,
-72 20 0,
-72 22 0,
-72 24 0,
-72 26 0,
-72 28 0,
-72 30 0,
-72 32 0,
-72 34 0,
-72 36 0,
-72 38 0,
-72 40 0,
-72 42 0,
-72 44 0,
-72 46 0,
-72 48 0,
-72 50 0,
-72 52 0,
-72 54 0,
-72 56 0,
-72 58 0,
-72 60 0,
-72 62 0,
-72 64 0,
-72 66 0,
-72 68 0,
-72 70 0,
-72 72 0,
-72 74 0,
-72 76 0,
-72 78 0,
-72 80 0,
-72 82 0,
-72 84 0,
-72 86 0,
-72 88 0,
-72 90 0,
-70 -90 0,
-70 -88 0,
-70 -86 0,
-70 -84 0,
-70 -82 0,
-70 -80 0,
-70 -78 0,
-70 -76 0,
-70 -74 0,
-70 -72 0,
-70 -70 0,
-70 -68 0,
-70 -66 0,
-70 -64 0,
-70 -62 0,
-70 -60 0,
-70 -58 0,
-70 -56 0,
-70 -54 0,
-70 -52 0,
-70 -50 0,
-70 -48 0,
-70 -46 0,
-70 -44 0,
-70 -42 0,
-70 -40 0,
-70 -38 0,
-70 -36 0,
-70 -34 0,
-70 -32 0,
-70 -30 0,
-70 -28 0,
-70 -26 0,
-70 -24 0,
-70 -22 0,
-70 -20 0,
-70 -18 0,
-70 -16 0,
-70 -14 0,
-70 -12 0,
-70 -10 0,
-70 -8 0,
-70 -6 0,
-70 -4 0,
-70 -2 0,
-70 0 0,
-70 2 0,
-70 4 0,
-70 6 0,
-70 8 0,
-70 10 0,
-70 12 0,
-70 14 0,
-70 16 0,
-70 18 0,
-70 20 0,
-70 22 0,
-70 24 0,
-70 26 0,
-70 28 0,
-70 30 0,
-70 32 0,
-70 34 0,
-70 36 0,
-70 38 0,
-70 40 0,
-70 42 0,
-70 44 0,
-70 46 0,
-70 48 0,
-70 50 0,
-70 52 0,
-70 54 0,
-70 56 0,
-70 58 0,
-70 60 0,
-70 62 0,
-70 64 0,
-70 66 0,
-70 68 0,
-70 70 0,
-70 72 0,
-70 74 0,
-70 76 0,
-70 78 0,
-70 80 0,
-70 82 0,
-70 84 0,
-70 86 0,
-70 88 0,
-70 90 0,
-68 -90 0,
-68 -88 0,
-68 -86 0,
-68 -84 0,
-68 -82 0,
-68 -80 0,
-68 -78 0,
-68 -76 0,
-68 -74 0,
-68 -72 0,
-68 -70 0,
-68 -68 0,
-68 -66 0,
-68 -64 0,
-68 -62 0,
-68 -60 0,
-68 -58 0,
-68 -56 0,
-68 -54 0,
-68 -52 0,
-68 -50 0,
-68 -48 0,
-68 -46 0,
-68 -44 0,
-68 -42 0,
-68 -40 0,
-68 -38 0,
-68 -36 0,
-68 -34 0,
-68 -32 0,
-68 -30 0,
-68 -28 0,
-68 -26 0,
-68 -24 0,
-68 -22 0,
-68 -20 0,
-68 -18 0,
-68 -16 0,
-68 -14 0,
-68 -12 0,
-68 -10 0,
-68 -8 0,
-68 -6 0,
-68 -4 0,
-68 -2 0,
-68 0 0,
-68 2 0,
-68 4 0,
-68 6 0,
-68 8 0,
-68 10 0,
-68 12 0,
-68 14 0,
-68 16 0,
-68 18 0,
-68 20 0,
-68 22 0,
-68 24 0,
-68 26 0,
-68 28 0,
-68 30 0,
-68 32 0,
-68 34 0,
-68 36 0,
-68 38 0,
-68 40 0,
-68 42 0,
-68 44 0,
-68 46 0,
-68 48 0,
-68 50 0,
-68 52 0,
-68 54 0,
-68 56 0,
-68 58 0,
-68 60 0,
-68 62 0,
-68 64 0,
-68 66 0,
-68 68 0,
-68 70 0,
-68 72 0,
-68 74 0,
-68 76 0,
-68 78 0,
-68 80 0,
-68 82 0,
-68 84 0,
-68 86 0,
-68 88 0,
-68 90 0,
-66 -90 0,
-66 -88 0,
-66 -86 0,
-66 -84 0,
-66 -82 0,
-66 -80 0,
-66 -78 0,
-66 -76 0,
-66 -74 0,
-66 -72 0,
-66 -70 0,
-66 -68 0,
-66 -66 0,
-66 -64 0,
-66 -62 0,
-66 -60 0,
-66 -58 0,
-66 -56 0,
-66 -54 0,
-66 -52 0,
-66 -50 0,
-66 -48 0,
-66 -46 0,
-66 -44 0,
-66 -42 0,
-66 -40 0,
-66 -38 0,
-66 -36 0,
-66 -34 0,
-66 -32 0,
-66 -30 0,
-66 -28 0,
-66 -26 0,
-66 -24 0,
-66 -22 0,
-66 -20 0,
-66 -18 0,
-66 -16 0,
-66 -14 0,
-66 -12 0,
-66 -10 0,
-66 -8 0,
-66 -6 0,
-66 -4 0,
-66 -2 0,
-66 0 0,
-66 2 0,
-66 4 0,
-66 6 0,
-66 8 0,
-66 10 0,
-66 12 0,
-66 14 0,
-66 16 0,
-66 18 0,
-66 20 0,
-66 22 0,
-66 24 0,
-66 26 0,
-66 28 0,
-66 30 0,
-66 32 0,
-66 34 0,
-66 36 0,
-66 38 0,
-66 40 0,
-66 42 0,
-66 44 0,
-66 46 0,
-66 48 0,
-66 50 0,
-66 52 0,
-66 54 0,
-66 56 0,
-66 58 0,
-66 60 0,
-66 62 0,
-66 64 0,
-66 66 0,
-66 68 0,
-66 70 0,
-66 72 0,
-66 74 0,
-66 76 0,
-66 78 0,
-66 80 0,
-66 82 0,
-66 84 0,
-66 86 0,
-66 88 0,
-66 90 0,
-64 -90 0,
-64 -88 0,
-64 -86 0,
-64 -84 0,
-64 -82 0,
-64 -80 0,
-64 -78 0,
-64 -76 0,
-64 -74 0,
-64 -72 0,
-64 -70 0,
-64 -68 0,
-64 -66 0,
-64 -64 0,
-64 -62 0,
-64 -60 0,
-64 -58 0,
-64 -56 0,
-64 -54 0,
-64 -52 0,
-64 -50 0,
-64 -48 0,
-64 -46 0,
-64 -44 0,
-64 -42 0,
-64 -40 0,
-64 -38 0,
-64 -36 0,
-64 -34 0,
-64 -32 0,
-64 -30 0,
-64 -28 0,
-64 -26 0,
-64 -24 0,
-64 -22 0,
-64 -20 0,
-64 -18 0,
-64 -16 0,
-64 -14 0,
-64 -12 0,
-64 -10 0,
-64 -8 0,
-64 -6 0,
-64 -4 0,
-64 -2 0,
-64 0 0,
-64 2 0,
-64 4 0,
-64 6 0,
-64 8 0,
-64 10 0,
-64 12 0,
-64 14 0,
-64 16 0,
-64 18 0,
-64 20 0,
-64 22 0,
-64 24 0,
-64 26 0,
-64 28 0,
-64 30 0,
-64 32 0,
-64 34 0,
-64 36 0,
-64 38 0,
-64 40 0,
-64 42 0,
-64 44 0,
-64 46 0,
-64 48 0,
-64 50 0,
-64 52 0,
-64 54 0,
-64 56 0,
-64 58 0,
-64 60 0,
-64 62 0,
-64 64 0,
-64 66 0,
-64 68 0,
-64 70 0,
-64 72 0,
-64 74 0,
-64 76 0,
-64 78 0,
-64 80 0,
-64 82 0,
-64 84 0,
-64 86 0,
-64 88 0,
-64 90 0,
-62 -90 0,
-62 -88 0,
-62 -86 0,
-62 -84 0,
-62 -82 0,
-62 -80 0,
-62 -78 0,
-62 -76 0,
-62 -74 0,
-62 -72 0,
-62 -70 0,
-62 -68 0,
-62 -66 0,
-62 -64 0,
-62 -62 0,
-62 -60 0,
-62 -58 0,
-62 -56 0,
-62 -54 0,
-62 -52 0,
-62 -50 0,
-62 -48 0,
-62 -46 0,
-62 -44 0,
-62 -42 0,
-62 -40 0,
-62 -38 0,
-62 -36 0,
-62 -34 0,
-62 -32 0,
-62 -30 0,
-62 -28 0,
-62 -26 0,
-62 -24 0,
-62 -22 0,
-62 -20 0,
-62 -18 0,
-62 -16 0,
-62 -14 0,
-62 -12 0,
-62 -10 0,
-62 -8 0,
-62 -6 0,
-62 -4 0,
-62 -2 0,
-62 0 0,
-62 2 0,
-62 4 0,
-62 6 0,
-62 8 0,
-62 10 0,
-62 12 0,
-62 14 0,
-62 16 0,
-62 18 0,
-62 20 0,
-62 22 0,
-62 24 0,
-62 26 0,
-62 28 0,
-62 30 0,
-62 32 0,
-62 34 0,
-62 36 0,
-62 38 0,
-62 40 0,
-62 42 0,
-62 44 0,
-62 46 0,
-62 48 0,
-62 50 0,
-62 52 0,
-62 54 0,
-62 56 0,
-62 58 0,
-62 60 0,
-62 62 0,
-62 64 0,
-62 66 0,
-62 68 0,
-62 70 0,
-62 72 0,
-62 74 0,
-62 76 0,
-62 78 0,
-62 80 0,
-62 82 0,
-62 84 0,
-62 86 0,
-62 88 0,
-62 90 0,
-60 -90 0,
-60 -88 0,
-60 -86 0,
-60 -84 0,
-60 -82 0,
-60 -80 0,
-60 -78 0,
-60 -76 0,
-60 -74 0,
-60 -72 0,
-60 -70 0,
-60 -68 0,
-60 -66 0,
-60 -64 0,
-60 -62 0,
-60 -60 0,
-60 -58 0,
-60 -56 0,
-60 -54 0,
-60 -52 0,
-60 -50 0,
-60 -48 0,
-60 -46 0,
-60 -44 0,
-60 -42 0,
-60 -40 0,
-60 -38 0,
-60 -36 0,
-60 -34 0,
-60 -32 0,
-60 -30 0,
-60 -28 0,
-60 -26 0,
-60 -24 0,
-60 -22 0,
-60 -20 0,
-60 -18 0,
-60 -16 0,
-60 -14 0,
-60 -12 0,
-60 -10 0,
-60 -8 0,
-60 -6 0,
-60 -4 0,
-60 -2 0,
-60 0 0,
-60 2 0,
-60 4 0,
-60 6 0,
-60 8 0,
-60 10 0,
-60 12 0,
-60 14 0,
-60 16 0,
-60 18 0,
-60 20 0,
-60 22 0,
-60 24 0,
-60 26 0,
-60 28 0,
-60 30 0,
-60 32 0,
-60 34 0,
-60 36 0,
-60 38 0,
-60 40 0,
-60 42 0,
-60 44 0,
-60 46 0,
-60 48 0,
-60 50 0,
-60 52 0,
-60 54 0,
-60 56 0,
-60 58 0,
-60 60 0,
-60 62 0,
-60 64 0,
-60 66 0,
-60 68 0,
-60 70 0,
-60 72 0,
-60 74 0,
-60 76 0,
-60 78 0,
-60 80 0,
-60 82 0,
-60 84 0,
-60 86 0,
-60 88 0,
-60 90 0,
-58 -90 0,
-58 -88 0,
-58 -86 0,
-58 -84 0,
-58 -82 0,
-58 -80 0,
-58 -78 0,
-58 -76 0,
-58 -74 0,
-58 -72 0,
-58 -70 0,
-58 -68 0,
-58 -66 0,
-58 -64 0,
-58 -62 0,
-58 -60 0,
-58 -58 0,
-58 -56 0,
-58 -54 0,
-58 -52 0,
-58 -50 0,
-58 -48 0,
-58 -46 0,
-58 -44 0,
-58 -42 0,
-58 -40 0,
-58 -38 0,
-58 -36 0,
-58 -34 0,
-58 -32 0,
-58 -30 0,
-58 -28 0,
-58 -26 0,
-58 -24 0,
-58 -22 0,
-58 -20 0,
-58 -18 0,
-58 -16 0,
-58 -14 0,
-58 -12 0,
-58 -10 0,
-58 -8 0,
-58 -6 0,
-58 -4 0,
-58 -2 0,
-58 0 0,
-58 2 0,
-58 4 0,
-58 6 0,
-58 8 0,
-58 10 0,
-58 12 0,
-58 14 0,
-58 16 0,
-58 18 0,
-58 20 0,
-58 22 0,
-58 24 0,
-58 26 0,
-58 28 0,
-58 30 0,
-58 32 0,
-58 34 0,
-58 36 0,
-58 38 0,
-58 40 0,
-58 42 0,
-58 44 0,
-58 46 0,
-58 48 0,
-58 50 0,
-58 52 0,
-58 54 0,
-58 56 0,
-58 58 0,
-58 60 0,
-58 62 0,
-58 64 0,
-58 66 0,
-58 68 0,
-58 70 0,
-58 72 0,
-58 74 0,
-58 76 0,
-58 78 0,
-58 80 0,
-58 82 0,
-58 84 0,
-58 86 0,
-58 88 0,
-58 90 0,
-56 -90 0,
-56 -88 0,
-56 -86 0,
-56 -84 0,
-56 -82 0,
-56 -80 0,
-56 -78 0,
-56 -76 0,
-56 -74 0,
-56 -72 0,
-56 -70 0,
-56 -68 0,
-56 -66 0,
-56 -64 0,
-56 -62 0,
-56 -60 0,
-56 -58 0,
-56 -56 0,
-56 -54 0,
-56 -52 0,
-56 -50 0,
-56 -48 0,
-56 -46 0,
-56 -44 0,
-56 -42 0,
-56 -40 0,
-56 -38 0,
-56 -36 0,
-56 -34 0,
-56 -32 0,
-56 -30 0,
-56 -28 0,
-56 -26 0,
-56 -24 0,
-56 -22 0,
-56 -20 0,
-56 -18 0,
-56 -16 0,
-56 -14 0,
-56 -12 0,
-56 -10 0,
-56 -8 0,
-56 -6 0,
-56 -4 0,
-56 -2 0,
-56 0 0,
-56 2 0,
-56 4 0,
-56 6 0,
-56 8 0,
-56 10 0,
-56 12 0,
-56 14 0,
-56 16 0,
-56 18 0,
-56 20 0,
-56 22 0,
-56 24 0,
-56 26 0,
-56 28 0,
-56 30 0,
-56 32 0,
-56 34 0,
-56 36 0,
-56 38 0,
-56 40 0,
-56 42 0,
-56 44 0,
-56 46 0,
-56 48 0,
-56 50 0,
-56 52 0,
-56 54 0,
-56 56 0,
-56 58 0,
-56 60 0,
-56 62 0,
-56 64 0,
-56 66 0,
-56 68 0,
-56 70 0,
-56 72 0,
-56 74 0,
-56 76 0,
-56 78 0,
-56 80 0,
-56 82 0,
-56 84 0,
-56 86 0,
-56 88 0,
-56 90 0,
-54 -90 0,
-54 -88 0,
-54 -86 0,
-54 -84 0,
-54 -82 0,
-54 -80 0,
-54 -78 0,
-54 -76 0,
-54 -74 0,
-54 -72 0,
-54 -70 0,
-54 -68 0,
-54 -66 0,
-54 -64 0,
-54 -62 0,
-54 -60 0,
-54 -58 0,
-54 -56 0,
-54 -54 0,
-54 -52 0,
-54 -50 0,
-54 -48 0,
-54 -46 0,
-54 -44 0,
-54 -42 0,
-54 -40 0,
-54 -38 0,
-54 -36 0,
-54 -34 0,
-54 -32 0,
-54 -30 0,
-54 -28 0,
-54 -26 0,
-54 -24 0,
-54 -22 0,
-54 -20 0,
-54 -18 0,
-54 -16 0,
-54 -14 0,
-54 -12 0,
-54 -10 0,
-54 -8 0,
-54 -6 0,
-54 -4 0,
-54 -2 0,
-54 0 0,
-54 2 0,
-54 4 0,
-54 6 0,
-54 8 0,
-54 10 0,
-54 12 0,
-54 14 0,
-54 16 0,
-54 18 0,
-54 20 0,
-54 22 0,
-54 24 0,
-54 26 0,
-54 28 0,
-54 30 0,
-54 32 0,
-54 34 0,
-54 36 0,
-54 38 0,
-54 40 0,
-54 42 0,
-54 44 0,
-54 46 0,
-54 48 0,
-54 50 0,
-54 52 0,
-54 54 0,
-54 56 0,
-54 58 0,
-54 60 0,
-54 62 0,
-54 64 0,
-54 66 0,
-54 68 0,
-54 70 0,
-54 72 0,
-54 74 0,
-54 76 0,
-54 78 0,
-54 80 0,
-54 82 0,
-54 84 0,
-54 86 0,
-54 88 0,
-54 90 0,
-52 -90 0,
-52 -88 0,
-52 -86 0,
-52 -84 0,
-52 -82 0,
-52 -80 0,
-52 -78 0,
-52 -76 0,
-52 -74 0,
-52 -72 0,
-52 -70 0,
-52 -68 0,
-52 -66 0,
-52 -64 0,
-52 -62 0,
-52 -60 0,
-52 -58 0,
-52 -56 0,
-52 -54 0,
-52 -52 0,
-52 -50 0,
-52 -48 0,
-52 -46 0,
-52 -44 0,
-52 -42 0,
-52 -40 0,
-52 -38 0,
-52 -36 0,
-52 -34 0,
-52 -32 0,
-52 -30 0,
-52 -28 0,
-52 -26 0,
-52 -24 0,
-52 -22 0,
-52 -20 0,
-52 -18 0,
-52 -16 0,
-52 -14 0,
-52 -12 0,
-52 -10 0,
-52 -8 0,
-52 -6 0,
-52 -4 0,
-52 -2 0,
-52 0 0,
-52 2 0,
-52 4 0,
-52 6 0,
-52 8 0,
-52 10 0,
-52 12 0,
-52 14 0,
-52 16 0,
-52 18 0,
-52 20 0,
-52 22 0,
-52 24 0,
-52 26 0,
-52 28 0,
-52 30 0,
-52 32 0,
-52 34 0,
-52 36 0,
-52 38 0,
-52 40 0,
-52 42 0,
-52 44 0,
-52 46 0,
-52 48 0,
-52 50 0,
-52 52 0,
-52 54 0,
-52 56 0,
-52 58 0,
-52 60 0,
-52 62 0,
-52 64 0,
-52 66 0,
-52 68 0,
-52 70 0,
-52 72 0,
-52 74 0,
-52 76 0,
-52 78 0,
-52 80 0,
-52 82 0,
-52 84 0,
-52 86 0,
-52 88 0,
-52 90 0,
-50 -90 0,
-50 -88 0,
-50 -86 0,
-50 -84 0,
-50 -82 0,
-50 -80 0,
-50 -78 0,
-50 -76 0,
-50 -74 0,
-50 -72 0,
-50 -70 0,
-50 -68 0,
-50 -66 0,
-50 -64 0,
-50 -62 0,
-50 -60 0,
-50 -58 0,
-50 -56 0,
-50 -54 0,
-50 -52 0,
-50 -50 0,
-50 -48 0,
-50 -46 0,
-50 -44 0,
-50 -42 0,
-50 -40 0,
-50 -38 0,
-50 -36 0,
-50 -34 0,
-50 -32 0,
-50 -30 0,
-50 -28 0,
-50 -26 0,
-50 -24 0,
-50 -22 0,
-50 -20 0,
-50 -18 0,
-50 -16 0,
-50 -14 0,
-50 -12 0,
-50 -10 0,
-50 -8 0,
-50 -6 0,
-50 -4 0,
-50 -2 0,
-50 0 0,
-50 2 0,
-50 4 0,
-50 6 0,
-50 8 0,
-50 10 0,
-50 12 0,
-50 14 0,
-50 16 0,
-50 18 0,
-50 20 0,
-50 22 0,
-50 24 0,
-50 26 0,
-50 28 0,
-50 30 0,
-50 32 0,
-50 34 0,
-50 36 0,
-50 38 0,
-50 40 0,
-50 42 0,
-50 44 0,
-50 46 0,
-50 48 0,
-50 50 0,
-50 52 0,
-50 54 0,
-50 56 0,
-50 58 0,
-50 60 0,
-50 62 0,
-50 64 0,
-50 66 0,
-50 68 0,
-50 70 0,
-50 72 0,
-50 74 0,
-50 76 0,
-50 78 0,
-50 80 0,
-50 82 0,
-50 84 0,
-50 86 0,
-50 88 0,
-50 90 0,
-48 -90 0,
-48 -88 0,
-48 -86 0,
-48 -84 0,
-48 -82 0,
-48 -80 0,
-48 -78 0,
-48 -76 0,
-48 -74 0,
-48 -72 0,
-48 -70 0,
-48 -68 0,
-48 -66 0,
-48 -64 0,
-48 -62 0,
-48 -60 0,
-48 -58 0,
-48 -56 0,
-48 -54 0,
-48 -52 0,
-48 -50 0,
-48 -48 0,
-48 -46 0,
-48 -44 0,
-48 -42 0,
-48 -40 0,
-48 -38 0,
-48 -36 0,
-48 -34 0,
-48 -32 0,
-48 -30 0,
-48 -28 0,
-48 -26 0,
-48 -24 0,
-48 -22 0,
-48 -20 0,
-48 -18 0,
-48 -16 0,
-48 -14 0,
-48 -12 0,
-48 -10 0,
-48 -8 0,
-48 -6 0,
-48 -4 0,
-48 -2 0,
-48 0 0,
-48 2 0,
-48 4 0,
-48 6 0,
-48 8 0,
-48 10 0,
-48 12 0,
-48 14 0,
-48 16 0,
-48 18 0,
-48 20 0,
-48 22 0,
-48 24 0,
-48 26 0,
-48 28 0,
-48 30 0,
-48 32 0,
-48 34 0,
-48 36 0,
-48 38 0,
-48 40 0,
-48 42 0,
-48 44 0,
-48 46 0,
-48 48 0,
-48 50 0,
-48 52 0,
-48 54 0,
-48 56 0,
-48 58 0,
-48 60 0,
-48 62 0,
-48 64 0,
-48 66 0,
-48 68 0,
-48 70 0,
-48 72 0,
-48 74 0,
-48 76 0,
-48 78 0,
-48 80 0,
-48 82 0,
-48 84 0,
-48 86 0,
-48 88 0,
-48 90 0,
-46 -90 0,
-46 -88 0,
-46 -86 0,
-46 -84 0,
-46 -82 0,
-46 -80 0,
-46 -78 0,
-46 -76 0,
-46 -74 0,
-46 -72 0,
-46 -70 0,
-46 -68 0,
-46 -66 0,
-46 -64 0,
-46 -62 0,
-46 -60 0,
-46 -58 0,
-46 -56 0,
-46 -54 0,
-46 -52 0,
-46 -50 0,
-46 -48 0,
-46 -46 0,
-46 -44 0,
-46 -42 0,
-46 -40 0,
-46 -38 0,
-46 -36 0,
-46 -34 0,
-46 -32 0,
-46 -30 0,
-46 -28 0,
-46 -26 0,
-46 -24 0,
-46 -22 0,
-46 -20 0,
-46 -18 0,
-46 -16 0,
-46 -14 0,
-46 -12 0,
-46 -10 0,
-46 -8 0,
-46 -6 0,
-46 -4 0,
-46 -2 0,
-46 0 0,
-46 2 0,
-46 4 0,
-46 6 0,
-46 8 0,
-46 10 0,
-46 12 0,
-46 14 0,
-46 16 0,
-46 18 0,
-46 20 0,
-46 22 0,
-46 24 0,
-46 26 0,
-46 28 0,
-46 30 0,
-46 32 0,
-46 34 0,
-46 36 0,
-46 38 0,
-46 40 0,
-46 42 0,
-46 44 0,
-46 46 0,
-46 48 0,
-46 50 0,
-46 52 0,
-46 54 0,
-46 56 0,
-46 58 0,
-46 60 0,
-46 62 0,
-46 64 0,
-46 66 0,
-46 68 0,
-46 70 0,
-46 72 0,
-46 74 0,
-46 76 0,
-46 78 0,
-46 80 0,
-46 82 0,
-46 84 0,
-46 86 0,
-46 88 0,
-46 90 0,
-44 -90 0,
-44 -88 0,
-44 -86 0,
-44 -84 0,
-44 -82 0,
-44 -80 0,
-44 -78 0,
-44 -76 0,
-44 -74 0,
-44 -72 0,
-44 -70 0,
-44 -68 0,
-44 -66 0,
-44 -64 0,
-44 -62 0,
-44 -60 0,
-44 -58 0,
-44 -56 0,
-44 -54 0,
-44 -52 0,
-44 -50 0,
-44 -48 0,
-44 -46 0,
-44 -44 0,
-44 -42 0,
-44 -40 0,
-44 -38 0,
-44 -36 0,
-44 -34 0,
-44 -32 0,
-44 -30 0,
-44 -28 0,
-44 -26 0,
-44 -24 0,
-44 -22 0,
-44 -20 0,
-44 -18 0,
-44 -16 0,
-44 -14 0,
-44 -12 0,
-44 -10 0,
-44 -8 0,
-44 -6 0,
-44 -4 0,
-44 -2 0,
-44 0 0,
-44 2 0,
-44 4 0,
-44 6 0,
-44 8 0,
-44 10 0,
-44 12 0,
-44 14 0,
-44 16 0,
-44 18 0,
-44 20 0,
-44 22 0,
-44 24 0,
-44 26 0,
-44 28 0,
-44 30 0,
-44 32 0,
-44 34 0,
-44 36 0,
-44 38 0,
-44 40 0,
-44 42 0,
-44 44 0,
-44 46 0,
-44 48 0,
-44 50 0,
-44 52 0,
-44 54 0,
-44 56 0,
-44 58 0,
-44 60 0,
-44 62 0,
-44 64 0,
-44 66 0,
-44 68 0,
-44 70 0,
-44 72 0,
-44 74 0,
-44 76 0,
-44 78 0,
-44 80 0,
-44 82 0,
-44 84 0,
-44 86 0,
-44 88 0,
-44 90 0,
-42 -90 0,
-42 -88 0,
-42 -86 0,
-42 -84 0,
-42 -82 0,
-42 -80 0,
-42 -78 0,
-42 -76 0,
-42 -74 0,
-42 -72 0,
-42 -70 0,
-42 -68 0,
-42 -66 0,
-42 -64 0,
-42 -62 0,
-42 -60 0,
-42 -58 0,
-42 -56 0,
-42 -54 0,
-42 -52 0,
-42 -50 0,
-42 -48 0,
-42 -46 0,
-42 -44 0,
-42 -42 0,
-42 -40 0,
-42 -38 0,
-42 -36 0,
-42 -34 0,
-42 -32 0,
-42 -30 0,
-42 -28 0,
-42 -26 0,
-42 -24 0,
-42 -22 0,
-42 -20 0,
-42 -18 0,
-42 -16 0,
-42 -14 0,
-42 -12 0,
-42 -10 0,
-42 -8 0,
-42 -6 0,
-42 -4 0,
-42 -2 0,
-42 0 0,
-42 2 0,
-42 4 0,
-42 6 0,
-42 8 0,
-42 10 0,
-42 12 0,
-42 14 0,
-42 16 0,
-42 18 0,
-42 20 0,
-42 22 0,
-42 24 0,
-42 26 0,
-42 28 0,
-42 30 0,
-42 32 0,
-42 34 0,
-42 36 0,
-42 38 0,
-42 40 0,
-42 42 0,
-42 44 0,
-42 46 0,
-42 48 0,
-42 50 0,
-42 52 0,
-42 54 0,
-42 56 0,
-42 58 0,
-42 60 0,
-42 62 0,
-42 64 0,
-42 66 0,
-42 68 0,
-42 70 0,
-42 72 0,
-42 74 0,
-42 76 0,
-42 78 0,
-42 80 0,
-42 82 0,
-42 84 0,
-42 86 0,
-42 88 0,
-42 90 0,
-40 -90 0,
-40 -88 0,
-40 -86 0,
-40 -84 0,
-40 -82 0,
-40 -80 0,
-40 -78 0,
-40 -76 0,
-40 -74 0,
-40 -72 0,
-40 -70 0,
-40 -68 0,
-40 -66 0,
-40 -64 0,
-40 -62 0,
-40 -60 0,
-40 -58 0,
-40 -56 0,
-40 -54 0,
-40 -52 0,
-40 -50 0,
-40 -48 0,
-40 -46 0,
-40 -44 0,
-40 -42 0,
-40 -40 0,
-40 -38 0,
-40 -36 0,
-40 -34 0,
-40 -32 0,
-40 -30 0,
-40 -28 0,
-40 -26 0,
-40 -24 0,
-40 -22 0,
-40 -20 0,
-40 -18 0,
-40 -16 0,
-40 -14 0,
-40 -12 0,
-40 -10 0,
-40 -8 0,
-40 -6 0,
-40 -4 0,
-40 -2 0,
-40 0 0,
-40 2 0,
-40 4 0,
-40 6 0,
-40 8 0,
-40 10 0,
-40 12 0,
-40 14 0,
-40 16 0,
-40 18 0,
-40 20 0,
-40 22 0,
-40 24 0,
-40 26 0,
-40 28 0,
-40 30 0,
-40 32 0,
-40 34 0,
-40 36 0,
-40 38 0,
-40 40 0,
-40 42 0,
-40 44 0,
-40 46 0,
-40 48 0,
-40 50 0,
-40 52 0,
-40 54 0,
-40 56 0,
-40 58 0,
-40 60 0,
-40 62 0,
-40 64 0,
-40 66 0,
-40 68 0,
-40 70 0,
-40 72 0,
-40 74 0,
-40 76 0,
-40 78 0,
-40 80 0,
-40 82 0,
-40 84 0,
-40 86 0,
-40 88 0,
-40 90 0,
-38 -90 0,
-38 -88 0,
-38 -86 0,
-38 -84 0,
-38 -82 0,
-38 -80 0,
-38 -78 0,
-38 -76 0,
-38 -74 0,
-38 -72 0,
-38 -70 0,
-38 -68 0,
-38 -66 0,
-38 -64 0,
-38 -62 0,
-38 -60 0,
-38 -58 0,
-38 -56 0,
-38 -54 0,
-38 -52 0,
-38 -50 0,
-38 -48 0,
-38 -46 0,
-38 -44 0,
-38 -42 0,
-38 -40 0,
-38 -38 0,
-38 -36 0,
-38 -34 0,
-38 -32 0,
-38 -30 0,
-38 -28 0,
-38 -26 0,
-38 -24 0,
-38 -22 0,
-38 -20 0,
-38 -18 0,
-38 -16 0,
-38 -14 0,
-38 -12 0,
-38 -10 0,
-38 -8 0,
-38 -6 0,
-38 -4 0,
-38 -2 0,
-38 0 0,
-38 2 0,
-38 4 0,
-38 6 0,
-38 8 0,
-38 10 0,
-38 12 0,
-38 14 0,
-38 16 0,
-38 18 0,
-38 20 0,
-38 22 0,
-38 24 0,
-38 26 0,
-38 28 0,
-38 30 0,
-38 32 0,
-38 34 0,
-38 36 0,
-38 38 0,
-38 40 0,
-38 42 0,
-38 44 0,
-38 46 0,
-38 48 0,
-38 50 0,
-38 52 0,
-38 54 0,
-38 56 0,
-38 58 0,
-38 60 0,
-38 62 0,
-38 64 0,
-38 66 0,
-38 68 0,
-38 70 0,
-38 72 0,
-38 74 0,
-38 76 0,
-38 78 0,
-38 80 0,
-38 82 0,
-38 84 0,
-38 86 0,
-38 88 0,
-38 90 0,
-36 -90 0,
-36 -88 0,
-36 -86 0,
-36 -84 0,
-36 -82 0,
-36 -80 0,
-36 -78 0,
-36 -76 0,
-36 -74 0,
-36 -72 0,
-36 -70 0,
-36 -68 0,
-36 -66 0,
-36 -64 0,
-36 -62 0,
-36 -60 0,
-36 -58 0,
-36 -56 0,
-36 -54 0,
-36 -52 0,
-36 -50 0,
-36 -48 0,
-36 -46 0,
-36 -44 0,
-36 -42 0,
-36 -40 0,
-36 -38 0,
-36 -36 0,
-36 -34 0,
-36 -32 0,
-36 -30 0,
-36 -28 0,
-36 -26 0,
-36 -24 0,
-36 -22 0,
-36 -20 0,
-36 -18 0,
-36 -16 0,
-36 -14 0,
-36 -12 0,
-36 -10 0,
-36 -8 0,
-36 -6 0,
-36 -4 0,
-36 -2 0,
-36 0 0,
-36 2 0,
-36 4 0,
-36 6 0,
-36 8 0,
-36 10 0,
-36 12 0,
-36 14 0,
-36 16 0,
-36 18 0,
-36 20 0,
-36 22 0,
-36 24 0,
-36 26 0,
-36 28 0,
-36 30 0,
-36 32 0,
-36 34 0,
-36 36 0,
-36 38 0,
-36 40 0,
-36 42 0,
-36 44 0,
-36 46 0,
-36 48 0,
-36 50 0,
-36 52 0,
-36 54 0,
-36 56 0,
-36 58 0,
-36 60 0,
-36 62 0,
-36 64 0,
-36 66 0,
-36 68 0,
-36 70 0,
-36 72 0,
-36 74 0,
-36 76 0,
-36 78 0,
-36 80 0,
-36 82 0,
-36 84 0,
-36 86 0,
-36 88 0,
-36 90 0,
-34 -90 0,
-34 -88 0,
-34 -86 0,
-34 -84 0,
-34 -82 0,
-34 -80 0,
-34 -78 0,
-34 -76 0,
-34 -74 0,
-34 -72 0,
-34 -70 0,
-34 -68 0,
-34 -66 0,
-34 -64 0,
-34 -62 0,
-34 -60 0,
-34 -58 0,
-34 -56 0,
-34 -54 0,
-34 -52 0,
-34 -50 0,
-34 -48 0,
-34 -46 0,
-34 -44 0,
-34 -42 0,
-34 -40 0,
-34 -38 0,
-34 -36 0,
-34 -34 0,
-34 -32 0,
-34 -30 0,
-34 -28 0,
-34 -26 0,
-34 -24 0,
-34 -22 0,
-34 -20 0,
-34 -18 0,
-34 -16 0,
-34 -14 0,
-34 -12 0,
-34 -10 0,
-34 -8 0,
-34 -6 0,
-34 -4 0,
-34 -2 0,
-34 0 0,
-34 2 0,
-34 4 0,
-34 6 0,
-34 8 0,
-34 10 0,
-34 12 0,
-34 14 0,
-34 16 0,
-34 18 0,
-34 20 0,
-34 22 0,
-34 24 0,
-34 26 0,
-34 28 0,
-34 30 0,
-34 32 0,
-34 34 0,
-34 36 0,
-34 38 0,
-34 40 0,
-34 42 0,
-34 44 0,
-34 46 0,
-34 48 0,
-34 50 0,
-34 52 0,
-34 54 0,
-34 56 0,
-34 58 0,
-34 60 0,
-34 62 0,
-34 64 0,
-34 66 0,
-34 68 0,
-34 70 0,
-34 72 0,
-34 74 0,
-34 76 0,
-34 78 0,
-34 80 0,
-34 82 0,
-34 84 0,
-34 86 0,
-34 88 0,
-34 90 0,
-32 -90 0,
-32 -88 0,
-32 -86 0,
-32 -84 0,
-32 -82 0,
-32 -80 0,
-32 -78 0,
-32 -76 0,
-32 -74 0,
-32 -72 0,
-32 -70 0,
-32 -68 0,
-32 -66 0,
-32 -64 0,
-32 -62 0,
-32 -60 0,
-32 -58 0,
-32 -56 0,
-32 -54 0,
-32 -52 0,
-32 -50 0,
-32 -48 0,
-32 -46 0,
-32 -44 0,
-32 -42 0,
-32 -40 0,
-32 -38 0,
-32 -36 0,
-32 -34 0,
-32 -32 0,
-32 -30 0,
-32 -28 0,
-32 -26 0,
-32 -24 0,
-32 -22 0,
-32 -20 0,
-32 -18 0,
-32 -16 0,
-32 -14 0,
-32 -12 0,
-32 -10 0,
-32 -8 0,
-32 -6 0,
-32 -4 0,
-32 -2 0,
-32 0 0,
-32 2 0,
-32 4 0,
-32 6 0,
-32 8 0,
-32 10 0,
-32 12 0,
-32 14 0,
-32 16 0,
-32 18 0,
-32 20 0,
-32 22 0,
-32 24 0,
-32 26 0,
-32 28 0,
-32 30 0,
-32 32 0,
-32 34 0,
-32 36 0,
-32 38 0,
-32 40 0,
-32 42 0,
-32 44 0,
-32 46 0,
-32 48 0,
-32 50 0,
-32 52 0,
-32 54 0,
-32 56 0,
-32 58 0,
-32 60 0,
-32 62 0,
-32 64 0,
-32 66 0,
-32 68 0,
-32 70 0,
-32 72 0,
-32 74 0,
-32 76 0,
-32 78 0,
-32 80 0,
-32 82 0,
-32 84 0,
-32 86 0,
-32 88 0,
-32 90 0,
-30 -90 0,
-30 -88 0,
-30 -86 0,
-30 -84 0,
-30 -82 0,
-30 -80 0,
-30 -78 0,
-30 -76 0,
-30 -74 0,
-30 -72 0,
-30 -70 0,
-30 -68 0,
-30 -66 0,
-30 -64 0,
-30 -62 0,
-30 -60 0,
-30 -58 0,
-30 -56 0,
-30 -54 0,
-30 -52 0,
-30 -50 0,
-30 -48 0,
-30 -46 0,
-30 -44 0,
-30 -42 0,
-30 -40 0,
-30 -38 0,
-30 -36 0,
-30 -34 0,
-30 -32 0,
-30 -30 0,
-30 -28 0,
-30 -26 0,
-30 -24 0,
-30 -22 0,
-30 -20 0,
-30 -18 0,
-30 -16 0,
-30 -14 0,
-30 -12 0,
-30 -10 0,
-30 -8 0,
-30 -6 0,
-30 -4 0,
-30 -2 0,
-30 0 0,
-30 2 0,
-30 4 0,
-30 6 0,
-30 8 0,
-30 10 0,
-30 12 0,
-30 14 0,
-30 16 0,
-30 18 0,
-30 20 0,
-30 22 0,
-30 24 0,
-30 26 0,
-30 28 0,
-30 30 0,
-30 32 0,
-30 34 0,
-30 36 0,
-30 38 0,
-30 40 0,
-30 42 0,
-30 44 0,
-30 46 0,
-30 48 0,
-30 50 0,
-30 52 0,
-30 54 0,
-30 56 0,
-30 58 0,
-30 60 0,
-30 62 0,
-30 64 0,
-30 66 0,
-30 68 0,
-30 70 0,
-30 72 0,
-30 74 0,
-30 76 0,
-30 78 0,
-30 80 0,
-30 82 0,
-30 84 0,
-30 86 0,
-30 88 0,
-30 90 0,
-28 -90 0,
-28 -88 0,
-28 -86 0,
-28 -84 0,
-28 -82 0,
-28 -80 0,
-28 -78 0,
-28 -76 0,
-28 -74 0,
-28 -72 0,
-28 -70 0,
-28 -68 0,
-28 -66 0,
-28 -64 0,
-28 -62 0,
-28 -60 0,
-28 -58 0,
-28 -56 0,
-28 -54 0,
-28 -52 0,
-28 -50 0,
-28 -48 0,
-28 -46 0,
-28 -44 0,
-28 -42 0,
-28 -40 0,
-28 -38 0,
-28 -36 0,
-28 -34 0,
-28 -32 0,
-28 -30 0,
-28 -28 0,
-28 -26 0,
-28 -24 0,
-28 -22 0,
-28 -20 0,
-28 -18 0,
-28 -16 0,
-28 -14 0,
-28 -12 0,
-28 -10 0,
-28 -8 0,
-28 -6 0,
-28 -4 0,
-28 -2 0,
-28 0 0,
-28 2 0,
-28 4 0,
-28 6 0,
-28 8 0,
-28 10 0,
-28 12 0,
-28 14 0,
-28 16 0,
-28 18 0,
-28 20 0,
-28 22 0,
-28 24 0,
-28 26 0,
-28 28 0,
-28 30 0,
-28 32 0,
-28 34 0,
-28 36 0,
-28 38 0,
-28 40 0,
-28 42 0,
-28 44 0,
-28 46 0,
-28 48 0,
-28 50 0,
-28 52 0,
-28 54 0,
-28 56 0,
-28 58 0,
-28 60 0,
-28 62 0,
-28 64 0,
-28 66 0,
-28 68 0,
-28 70 0,
-28 72 0,
-28 74 0,
-28 76 0,
-28 78 0,
-28 80 0,
-28 82 0,
-28 84 0,
-28 86 0,
-28 88 0,
-28 90 0,
-26 -90 0,
-26 -88 0,
-26 -86 0,
-26 -84 0,
-26 -82 0,
-26 -80 0,
-26 -78 0,
-26 -76 0,
-26 -74 0,
-26 -72 0,
-26 -70 0,
-26 -68 0,
-26 -66 0,
-26 -64 0,
-26 -62 0,
-26 -60 0,
-26 -58 0,
-26 -56 0,
-26 -54 0,
-26 -52 0,
-26 -50 0,
-26 -48 0,
-26 -46 0,
-26 -44 0,
-26 -42 0,
-26 -40 0,
-26 -38 0,
-26 -36 0,
-26 -34 0,
-26 -32 0,
-26 -30 0,
-26 -28 0,
-26 -26 0,
-26 -24 0,
-26 -22 0,
-26 -20 0,
-26 -18 0,
-26 -16 0,
-26 -14 0,
-26 -12 0,
-26 -10 0,
-26 -8 0,
-26 -6 0,
-26 -4 0,
-26 -2 0,
-26 0 0,
-26 2 0,
-26 4 0,
-26 6 0,
-26 8 0,
-26 10 0,
-26 12 0,
-26 14 0,
-26 16 0,
-26 18 0,
-26 20 0,
-26 22 0,
-26 24 0,
-26 26 0,
-26 28 0,
-26 30 0,
-26 32 0,
-26 34 0,
-26 36 0,
-26 38 0,
-26 40 0,
-26 42 0,
-26 44 0,
-26 46 0,
-26 48 0,
-26 50 0,
-26 52 0,
-26 54 0,
-26 56 0,
-26 58 0,
-26 60 0,
-26 62 0,
-26 64 0,
-26 66 0,
-26 68 0,
-26 70 0,
-26 72 0,
-26 74 0,
-26 76 0,
-26 78 0,
-26 80 0,
-26 82 0,
-26 84 0,
-26 86 0,
-26 88 0,
-26 90 0,
-24 -90 0,
-24 -88 0,
-24 -86 0,
-24 -84 0,
-24 -82 0,
-24 -80 0,
-24 -78 0,
-24 -76 0,
-24 -74 0,
-24 -72 0,
-24 -70 0,
-24 -68 0,
-24 -66 0,
-24 -64 0,
-24 -62 0,
-24 -60 0,
-24 -58 0,
-24 -56 0,
-24 -54 0,
-24 -52 0,
-24 -50 0,
-24 -48 0,
-24 -46 0,
-24 -44 0,
-24 -42 0,
-24 -40 0,
-24 -38 0,
-24 -36 0,
-24 -34 0,
-24 -32 0,
-24 -30 0,
-24 -28 0,
-24 -26 0,
-24 -24 0,
-24 -22 0,
-24 -20 0,
-24 -18 0,
-24 -16 0,
-24 -14 0,
-24 -12 0,
-24 -10 0,
-24 -8 0,
-24 -6 0,
-24 -4 0,
-24 -2 0,
-24 0 0,
-24 2 0,
-24 4 0,
-24 6 0,
-24 8 0,
-24 10 0,
-24 12 0,
-24 14 0,
-24 16 0,
-24 18 0,
-24 20 0,
-24 22 0,
-24 24 0,
-24 26 0,
-24 28 0,
-24 30 0,
-24 32 0,
-24 34 0,
-24 36 0,
-24 38 0,
-24 40 0,
-24 42 0,
-24 44 0,
-24 46 0,
-24 48 0,
-24 50 0,
-24 52 0,
-24 54 0,
-24 56 0,
-24 58 0,
-24 60 0,
-24 62 0,
-24 64 0,
-24 66 0,
-24 68 0,
-24 70 0,
-24 72 0,
-24 74 0,
-24 76 0,
-24 78 0,
-24 80 0,
-24 82 0,
-24 84 0,
-24 86 0,
-24 88 0,
-24 90 0,
-22 -90 0,
-22 -88 0,
-22 -86 0,
-22 -84 0,
-22 -82 0,
-22 -80 0,
-22 -78 0,
-22 -76 0,
-22 -74 0,
-22 -72 0,
-22 -70 0,
-22 -68 0,
-22 -66 0,
-22 -64 0,
-22 -62 0,
-22 -60 0,
-22 -58 0,
-22 -56 0,
-22 -54 0,
-22 -52 0,
-22 -50 0,
-22 -48 0,
-22 -46 0,
-22 -44 0,
-22 -42 0,
-22 -40 0,
-22 -38 0,
-22 -36 0,
-22 -34 0,
-22 -32 0,
-22 -30 0,
-22 -28 0,
-22 -26 0,
-22 -24 0,
-22 -22 0,
-22 -20 0,
-22 -18 0,
-22 -16 0,
-22 -14 0,
-22 -12 0,
-22 -10 0,
-22 -8 0,
-22 -6 0,
-22 -4 0,
-22 -2 0,
-22 0 0,
-22 2 0,
-22 4 0,
-22 6 0,
-22 8 0,
-22 10 0,
-22 12 0,
-22 14 0,
-22 16 0,
-22 18 0,
-22 20 0,
-22 22 0,
-22 24 0,
-22 26 0,
-22 28 0,
-22 30 0,
-22 32 0,
-22 34 0,
-22 36 0,
-22 38 0,
-22 40 0,
-22 42 0,
-22 44 0,
-22 46 0,
-22 48 0,
-22 50 0,
-22 52 0,
-22 54 0,
-22 56 0,
-22 58 0,
-22 60 0,
-22 62 0,
-22 64 0,
-22 66 0,
-22 68 0,
-22 70 0,
-22 72 0,
-22 74 0,
-22 76 0,
-22 78 0,
-22 80 0,
-22 82 0,
-22 84 0,
-22 86 0,
-22 88 0,
-22 90 0,
-20 -90 0,
-20 -88 0,
-20 -86 0,
-20 -84 0,
-20 -82 0,
-20 -80 0,
-20 -78 0,
-20 -76 0,
-20 -74 0,
-20 -72 0,
-20 -70 0,
-20 -68 0,
-20 -66 0,
-20 -64 0,
-20 -62 0,
-20 -60 0,
-20 -58 0,
-20 -56 0,
-20 -54 0,
-20 -52 0,
-20 -50 0,
-20 -48 0,
-20 -46 0,
-20 -44 0,
-20 -42 0,
-20 -40 0,
-20 -38 0,
-20 -36 0,
-20 -34 0,
-20 -32 0,
-20 -30 0,
-20 -28 0,
-20 -26 0,
-20 -24 0,
-20 -22 0,
-20 -20 0,
-20 -18 0,
-20 -16 0,
-20 -14 0,
-20 -12 0,
-20 -10 0,
-20 -8 0,
-20 -6 0,
-20 -4 0,
-20 -2 0,
-20 0 0,
-20 2 0,
-20 4 0,
-20 6 0,
-20 8 0,
-20 10 0,
-20 12 0,
-20 14 0,
-20 16 0,
-20 18 0,
-20 20 0,
-20 22 0,
-20 24 0,
-20 26 0,
-20 28 0,
-20 30 0,
-20 32 0,
-20 34 0,
-20 36 0,
-20 38 0,
-20 40 0,
-20 42 0,
-20 44 0,
-20 46 0,
-20 48 0,
-20 50 0,
-20 52 0,
-20 54 0,
-20 56 0,
-20 58 0,
-20 60 0,
-20 62 0,
-20 64 0,
-20 66 0,
-20 68 0,
-20 70 0,
-20 72 0,
-20 74 0,
-20 76 0,
-20 78 0,
-20 80 0,
-20 82 0,
-20 84 0,
-20 86 0,
-20 88 0,
-20 90 0,
-18 -90 0,
-18 -88 0,
-18 -86 0,
-18 -84 0,
-18 -82 0,
-18 -80 0,
-18 -78 0,
-18 -76 0,
-18 -74 0,
-18 -72 0,
-18 -70 0,
-18 -68 0,
-18 -66 0,
-18 -64 0,
-18 -62 0,
-18 -60 0,
-18 -58 0,
-18 -56 0,
-18 -54 0,
-18 -52 0,
-18 -50 0,
-18 -48 0,
-18 -46 0,
-18 -44 0,
-18 -42 0,
-18 -40 0,
-18 -38 0,
-18 -36 0,
-18 -34 0,
-18 -32 0,
-18 -30 0,
-18 -28 0,
-18 -26 0,
-18 -24 0,
-18 -22 0,
-18 -20 0,
-18 -18 0,
-18 -16 0,
-18 -14 0,
-18 -12 0,
-18 -10 0,
-18 -8 0,
-18 -6 0,
-18 -4 0,
-18 -2 0,
-18 0 0,
-18 2 0,
-18 4 0,
-18 6 0,
-18 8 0,
-18 10 0,
-18 12 0,
-18 14 0,
-18 16 0,
-18 18 0,
-18 20 0,
-18 22 0,
-18 24 0,
-18 26 0,
-18 28 0,
-18 30 0,
-18 32 0,
-18 34 0,
-18 36 0,
-18 38 0,
-18 40 0,
-18 42 0,
-18 44 0,
-18 46 0,
-18 48 0,
-18 50 0,
-18 52 0,
-18 54 0,
-18 56 0,
-18 58 0,
-18 60 0,
-18 62 0,
-18 64 0,
-18 66 0,
-18 68 0,
-18 70 0,
-18 72 0,
-18 74 0,
-18 76 0,
-18 78 0,
-18 80 0,
-18 82 0,
-18 84 0,
-18 86 0,
-18 88 0,
-18 90 0,
-16 -90 0,
-16 -88 0,
-16 -86 0,
-16 -84 0,
-16 -82 0,
-16 -80 0,
-16 -78 0,
-16 -76 0,
-16 -74 0,
-16 -72 0,
-16 -70 0,
-16 -68 0,
-16 -66 0,
-16 -64 0,
-16 -62 0,
-16 -60 0,
-16 -58 0,
-16 -56 0,
-16 -54 0,
-16 -52 0,
-16 -50 0,
-16 -48 0,
-16 -46 0,
-16 -44 0,
-16 -42 0,
-16 -40 0,
-16 -38 0,
-16 -36 0,
-16 -34 0,
-16 -32 0,
-16 -30 0,
-16 -28 0,
-16 -26 0,
-16 -24 0,
-16 -22 0,
-16 -20 0,
-16 -18 0,
-16 -16 0,
-16 -14 0,
-16 -12 0,
-16 -10 0,
-16 -8 0,
-16 -6 0,
-16 -4 0,
-16 -2 0,
-16 0 0,
-16 2 0,
-16 4 0,
-16 6 0,
-16 8 0,
-16 10 0,
-16 12 0,
-16 14 0,
-16 16 0,
-16 18 0,
-16 20 0,
-16 22 0,
-16 24 0,
-16 26 0,
-16 28 0,
-16 30 0,
-16 32 0,
-16 34 0,
-16 36 0,
-16 38 0,
-16 40 0,
-16 42 0,
-16 44 0,
-16 46 0,
-16 48 0,
-16 50 0,
-16 52 0,
-16 54 0,
-16 56 0,
-16 58 0,
-16 60 0,
-16 62 0,
-16 64 0,
-16 66 0,
-16 68 0,
-16 70 0,
-16 72 0,
-16 74 0,
-16 76 0,
-16 78 0,
-16 80 0,
-16 82 0,
-16 84 0,
-16 86 0,
-16 88 0,
-16 90 0,
-14 -90 0,
-14 -88 0,
-14 -86 0,
-14 -84 0,
-14 -82 0,
-14 -80 0,
-14 -78 0,
-14 -76 0,
-14 -74 0,
-14 -72 0,
-14 -70 0,
-14 -68 0,
-14 -66 0,
-14 -64 0,
-14 -62 0,
-14 -60 0,
-14 -58 0,
-14 -56 0,
-14 -54 0,
-14 -52 0,
-14 -50 0,
-14 -48 0,
-14 -46 0,
-14 -44 0,
-14 -42 0,
-14 -40 0,
-14 -38 0,
-14 -36 0,
-14 -34 0,
-14 -32 0,
-14 -30 0,
-14 -28 0,
-14 -26 0,
-14 -24 0,
-14 -22 0,
-14 -20 0,
-14 -18 0,
-14 -16 0,
-14 -14 0,
-14 -12 0,
-14 -10 0,
-14 -8 0,
-14 -6 0,
-14 -4 0,
-14 -2 0,
-14 0 0,
-14 2 0,
-14 4 0,
-14 6 0,
-14 8 0,
-14 10 0,
-14 12 0,
-14 14 0,
-14 16 0,
-14 18 0,
-14 20 0,
-14 22 0,
-14 24 0,
-14 26 0,
-14 28 0,
-14 30 0,
-14 32 0,
-14 34 0,
-14 36 0,
-14 38 0,
-14 40 0,
-14 42 0,
-14 44 0,
-14 46 0,
-14 48 0,
-14 50 0,
-14 52 0,
-14 54 0,
-14 56 0,
-14 58 0,
-14 60 0,
-14 62 0,
-14 64 0,
-14 66 0,
-14 68 0,
-14 70 0,
-14 72 0,
-14 74 0,
-14 76 0,
-14 78 0,
-14 80 0,
-14 82 0,
-14 84 0,
-14 86 0,
-14 88 0,
-14 90 0,
-12 -90 0,
-12 -88 0,
-12 -86 0,
-12 -84 0,
-12 -82 0,
-12 -80 0,
-12 -78 0,
-12 -76 0,
-12 -74 0,
-12 -72 0,
-12 -70 0,
-12 -68 0,
-12 -66 0,
-12 -64 0,
-12 -62 0,
-12 -60 0,
-12 -58 0,
-12 -56 0,
-12 -54 0,
-12 -52 0,
-12 -50 0,
-12 -48 0,
-12 -46 0,
-12 -44 0,
-12 -42 0,
-12 -40 0,
-12 -38 0,
-12 -36 0,
-12 -34 0,
-12 -32 0,
-12 -30 0,
-12 -28 0,
-12 -26 0,
-12 -24 0,
-12 -22 0,
-12 -20 0,
-12 -18 0,
-12 -16 0,
-12 -14 0,
-12 -12 0,
-12 -10 0,
-12 -8 0,
-12 -6 0,
-12 -4 0,
-12 -2 0,
-12 0 0,
-12 2 0,
-12 4 0,
-12 6 0,
-12 8 0,
-12 10 0,
-12 12 0,
-12 14 0,
-12 16 0,
-12 18 0,
-12 20 0,
-12 22 0,
-12 24 0,
-12 26 0,
-12 28 0,
-12 30 0,
-12 32 0,
-12 34 0,
-12 36 0,
-12 38 0,
-12 40 0,
-12 42 0,
-12 44 0,
-12 46 0,
-12 48 0,
-12 50 0,
-12 52 0,
-12 54 0,
-12 56 0,
-12 58 0,
-12 60 0,
-12 62 0,
-12 64 0,
-12 66 0,
-12 68 0,
-12 70 0,
-12 72 0,
-12 74 0,
-12 76 0,
-12 78 0,
-12 80 0,
-12 82 0,
-12 84 0,
-12 86 0,
-12 88 0,
-12 90 0,
-10 -90 0,
-10 -88 0,
-10 -86 0,
-10 -84 0,
-10 -82 0,
-10 -80 0,
-10 -78 0,
-10 -76 0,
-10 -74 0,
-10 -72 0,
-10 -70 0,
-10 -68 0,
-10 -66 0,
-10 -64 0,
-10 -62 0,
-10 -60 0,
-10 -58 0,
-10 -56 0,
-10 -54 0,
-10 -52 0,
-10 -50 0,
-10 -48 0,
-10 -46 0,
-10 -44 0,
-10 -42 0,
-10 -40 0,
-10 -38 0,
-10 -36 0,
-10 -34 0,
-10 -32 0,
-10 -30 0,
-10 -28 0,
-10 -26 0,
-10 -24 0,
-10 -22 0,
-10 -20 0,
-10 -18 0,
-10 -16 0,
-10 -14 0,
-10 -12 0,
-10 -10 0,
-10 -8 0,
-10 -6 0,
-10 -4 0,
-10 -2 0,
-10 0 0,
-10 2 0,
-10 4 0,
-10 6 0,
-10 8 0,
-10 10 0,
-10 12 0,
-10 14 0,
-10 16 0,
-10 18 0,
-10 20 0,
-10 22 0,
-10 24 0,
-10 26 0,
-10 28 0,
-10 30 0,
-10 32 0,
-10 34 0,
-10 36 0,
-10 38 0,
-10 40 0,
-10 42 0,
-10 44 0,
-10 46 0,
-10 48 0,
-10 50 0,
-10 52 0,
-10 54 0,
-10 56 0,
-10 58 0,
-10 60 0,
-10 62 0,
-10 64 0,
-10 66 0,
-10 68 0,
-10 70 0,
-10 72 0,
-10 74 0,
-10 76 0,
-10 78 0,
-10 80 0,
-10 82 0,
-10 84 0,
-10 86 0,
-10 88 0,
-10 90 0,
-8 -90 0,
-8 -88 0,
-8 -86 0,
-8 -84 0,
-8 -82 0,
-8 -80 0,
-8 -78 0,
-8 -76 0,
-8 -74 0,
-8 -72 0,
-8 -70 0,
-8 -68 0,
-8 -66 0,
-8 -64 0,
-8 -62 0,
-8 -60 0,
-8 -58 0,
-8 -56 0,
-8 -54 0,
-8 -52 0,
-8 -50 0,
-8 -48 0,
-8 -46 0,
-8 -44 0,
-8 -42 0,
-8 -40 0,
-8 -38 0,
-8 -36 0,
-8 -34 0,
-8 -32 0,
-8 -30 0,
-8 -28 0,
-8 -26 0,
-8 -24 0,
-8 -22 0,
-8 -20 0,
-8 -18 0,
-8 -16 0,
-8 -14 0,
-8 -12 0,
-8 -10 0,
-8 -8 0,
-8 -6 0,
-8 -4 0,
-8 -2 0,
-8 0 0,
-8 2 0,
-8 4 0,
-8 6 0,
-8 8 0,
-8 10 0,
-8 12 0,
-8 14 0,
-8 16 0,
-8 18 0,
-8 20 0,
-8 22 0,
-8 24 0,
-8 26 0,
-8 28 0,
-8 30 0,
-8 32 0,
-8 34 0,
-8 36 0,
-8 38 0,
-8 40 0,
-8 42 0,
-8 44 0,
-8 46 0,
-8 48 0,
-8 50 0,
-8 52 0,
-8 54 0,
-8 56 0,
-8 58 0,
-8 60 0,
-8 62 0,
-8 64 0,
-8 66 0,
-8 68 0,
-8 70 0,
-8 72 0,
-8 74 0,
-8 76 0,
-8 78 0,
-8 80 0,
-8 82 0,
-8 84 0,
-8 86 0,
-8 88 0,
-8 90 0,
-6 -90 0,
-6 -88 0,
-6 -86 0,
-6 -84 0,
-6 -82 0,
-6 -80 0,
-6 -78 0,
-6 -76 0,
-6 -74 0,
-6 -72 0,
-6 -70 0,
-6 -68 0,
-6 -66 0,
-6 -64 0,
-6 -62 0,
-6 -60 0,
-6 -58 0,
-6 -56 0,
-6 -54 0,
-6 -52 0,
-6 -50 0,
-6 -48 0,
-6 -46 0,
-6 -44 0,
-6 -42 0,
-6 -40 0,
-6 -38 0,
-6 -36 0,
-6 -34 0,
-6 -32 0,
-6 -30 0,
-6 -28 0,
-6 -26 0,
-6 -24 0,
-6 -22 0,
-6 -20 0,
-6 -18 0,
-6 -16 0,
-6 -14 0,
-6 -12 0,
-6 -10 0,
-6 -8 0,
-6 -6 0,
-6 -4 0,
-6 -2 0,
-6 0 0,
-6 2 0,
-6 4 0,
-6 6 0,
-6 8 0,
-6 10 0,
-6 12 0,
-6 14 0,
-6 16 0,
-6 18 0,
-6 20 0,
-6 22 0,
-6 24 0,
-6 26 0,
-6 28 0,
-6 30 0,
-6 32 0,
-6 34 0,
-6 36 0,
-6 38 0,
-6 40 0,
-6 42 0,
-6 44 0,
-6 46 0,
-6 48 0,
-6 50 0,
-6 52 0,
-6 54 0,
-6 56 0,
-6 58 0,
-6 60 0,
-6 62 0,
-6 64 0,
-6 66 0,
-6 68 0,
-6 70 0,
-6 72 0,
-6 74 0,
-6 76 0,
-6 78 0,
-6 80 0,
-6 82 0,
-6 84 0,
-6 86 0,
-6 88 0,
-6 90 0,
-4 -90 0,
-4 -88 0,
-4 -86 0,
-4 -84 0,
-4 -82 0,
-4 -80 0,
-4 -78 0,
-4 -76 0,
-4 -74 0,
-4 -72 0,
-4 -70 0,
-4 -68 0,
-4 -66 0,
-4 -64 0,
-4 -62 0,
-4 -60 0,
-4 -58 0,
-4 -56 0,
-4 -54 0,
-4 -52 0,
-4 -50 0,
-4 -48 0,
-4 -46 0,
-4 -44 0,
-4 -42 0,
-4 -40 0,
-4 -38 0,
-4 -36 0,
-4 -34 0,
-4 -32 0,
-4 -30 0,
-4 -28 0,
-4 -26 0,
-4 -24 0,
-4 -22 0,
-4 -20 0,
-4 -18 0,
-4 -16 0,
-4 -14 0,
-4 -12 0,
-4 -10 0,
-4 -8 0,
-4 -6 0,
-4 -4 0,
-4 -2 0,
-4 0 0,
-4 2 0,
-4 4 0,
-4 6 0,
-4 8 0,
-4 10 0,
-4 12 0,
-4 14 0,
-4 16 0,
-4 18 0,
-4 20 0,
-4 22 0,
-4 24 0,
-4 26 0,
-4 28 0,
-4 30 0,
-4 32 0,
-4 34 0,
-4 36 0,
-4 38 0,
-4 40 0,
-4 42 0,
-4 44 0,
-4 46 0,
-4 48 0,
-4 50 0,
-4 52 0,
-4 54 0,
-4 56 0,
-4 58 0,
-4 60 0,
-4 62 0,
-4 64 0,
-4 66 0,
-4 68 0,
-4 70 0,
-4 72 0,
-4 74 0,
-4 76 0,
-4 78 0,
-4 80 0,
-4 82 0,
-4 84 0,
-4 86 0,
-4 88 0,
-4 90 0,
-2 -90 0,
-2 -88 0,
-2 -86 0,
-2 -84 0,
-2 -82 0,
-2 -80 0,
-2 -78 0,
-2 -76 0,
-2 -74 0,
-2 -72 0,
-2 -70 0,
-2 -68 0,
-2 -66 0,
-2 -64 0,
-2 -62 0,
-2 -60 0,
-2 -58 0,
-2 -56 0,
-2 -54 0,
-2 -52 0,
-2 -50 0,
-2 -48 0,
-2 -46 0,
-2 -44 0,
-2 -42 0,
-2 -40 0,
-2 -38 0,
-2 -36 0,
-2 -34 0,
-2 -32 0,
-2 -30 0,
-2 -28 0,
-2 -26 0,
-2 -24 0,
-2 -22 0,
-2 -20 0,
-2 -18 0,
-2 -16 0,
-2 -14 0,
-2 -12 0,
-2 -10 0,
-2 -8 0,
-2 -6 0,
-2 -4 0,
-2 -2 0,
-2 0 0,
-2 2 0,
-2 4 0,
-2 6 0,
-2 8 0,
-2 10 0,
-2 12 0,
-2 14 0,
-2 16 0,
-2 18 0,
-2 20 0,
-2 22 0,
-2 24 0,
-2 26 0,
-2 28 0,
-2 30 0,
-2 32 0,
-2 34 0,
-2 36 0,
-2 38 0,
-2 40 0,
-2 42 0,
-2 44 0,
-2 46 0,
-2 48 0,
-2 50 0,
-2 52 0,
-2 54 0,
-2 56 0,
-2 58 0,
-2 60 0,
-2 62 0,
-2 64 0,
-2 66 0,
-2 68 0,
-2 70 0,
-2 72 0,
-2 74 0,
-2 76 0,
-2 78 0,
-2 80 0,
-2 82 0,
-2 84 0,
-2 86 0,
-2 88 0,
-2 90 0,
0 -90 0,
0 -88 0,
0 -86 0,
0 -84 0,
0 -82 0,
0 -80 0,
0 -78 0,
0 -76 0,
0 -74 0,
0 -72 0,
0 -70 0,
0 -68 0,
0 -66 0,
0 -64 0,
0 -62 0,
0 -60 0,
0 -58 0,
0 -56 0,
0 -54 0,
0 -52 0,
0 -50 0,
0 -48 0,
0 -46 0,
0 -44 0,
0 -42 0,
0 -40 0,
0 -38 0,
0 -36 0,
0 -34 0,
0 -32 0,
0 -30 0,
0 -28 0,
0 -26 0,
0 -24 0,
0 -22 0,
0 -20 0,
0 -18 0,
0 -16 0,
0 -14 0,
0 -12 0,
0 -10 0,
0 -8 0,
0 -6 0,
0 -4 0,
0 -2 0,
0 0 0,
0 2 0,
0 4 0,
0 6 0,
0 8 0,
0 10 0,
0 12 0,
0 14 0,
0 16 0,
0 18 0,
0 20 0,
0 22 0,
0 24 0,
0 26 0,
0 28 0,
0 30 0,
0 32 0,
0 34 0,
0 36 0,
0 38 0,
0 40 0,
0 42 0,
0 44 0,
0 46 0,
0 48 0,
0 50 0,
0 52 0,
0 54 0,
0 56 0,
0 58 0,
0 60 0,
0 62 0,
0 64 0,
0 66 0,
0 68 0,
0 70 0,
0 72 0,
0 74 0,
0 76 0,
0 78 0,
0 80 0,
0 82 0,
0 84 0,
0 86 0,
0 88 0,
0 90 0,
2 -90 0,
2 -88 0,
2 -86 0,
2 -84 0,
2 -82 0,
2 -80 0,
2 -78 0,
2 -76 0,
2 -74 0,
2 -72 0,
2 -70 0,
2 -68 0,
2 -66 0,
2 -64 0,
2 -62 0,
2 -60 0,
2 -58 0,
2 -56 0,
2 -54 0,
2 -52 0,
2 -50 0,
2 -48 0,
2 -46 0,
2 -44 0,
2 -42 0,
2 -40 0,
2 -38 0,
2 -36 0,
2 -34 0,
2 -32 0,
2 -30 0,
2 -28 0,
2 -26 0,
2 -24 0,
2 -22 0,
2 -20 0,
2 -18 0,
2 -16 0,
2 -14 0,
2 -12 0,
2 -10 0,
2 -8 0,
2 -6 0,
2 -4 0,
2 -2 0,
2 0 0,
2 2 0,
2 4 0,
2 6 0,
2 8 0,
2 10 0,
2 12 0,
2 14 0,
2 16 0,
2 18 0,
2 20 0,
2 22 0,
2 24 0,
2 26 0,
2 28 0,
2 30 0,
2 32 0,
2 34 0,
2 36 0,
2 38 0,
2 40 0,
2 42 0,
2 44 0,
2 46 0,
2 48 0,
2 50 0,
2 52 0,
2 54 0,
2 56 0,
2 58 0,
2 60 0,
2 62 0,
2 64 0,
2 66 0,
2 68 0,
2 70 0,
2 72 0,
2 74 0,
2 76 0,
2 78 0,
2 80 0,
2 82 0,
2 84 0,
2 86 0,
2 88 0,
2 90 0,
4 -90 0,
4 -88 0,
4 -86 0,
4 -84 0,
4 -82 0,
4 -80 0,
4 -78 0,
4 -76 0,
4 -74 0,
4 -72 0,
4 -70 0,
4 -68 0,
4 -66 0,
4 -64 0,
4 -62 0,
4 -60 0,
4 -58 0,
4 -56 0,
4 -54 0,
4 -52 0,
4 -50 0,
4 -48 0,
4 -46 0,
4 -44 0,
4 -42 0,
4 -40 0,
4 -38 0,
4 -36 0,
4 -34 0,
4 -32 0,
4 -30 0,
4 -28 0,
4 -26 0,
4 -24 0,
4 -22 0,
4 -20 0,
4 -18 0,
4 -16 0,
4 -14 0,
4 -12 0,
4 -10 0,
4 -8 0,
4 -6 0,
4 -4 0,
4 -2 0,
4 0 0,
4 2 0,
4 4 0,
4 6 0,
4 8 0,
4 10 0,
4 12 0,
4 14 0,
4 16 0,
4 18 0,
4 20 0,
4 22 0,
4 24 0,
4 26 0,
4 28 0,
4 30 0,
4 32 0,
4 34 0,
4 36 0,
4 38 0,
4 40 0,
4 42 0,
4 44 0,
4 46 0,
4 48 0,
4 50 0,
4 52 0,
4 54 0,
4 56 0,
4 58 0,
4 60 0,
4 62 0,
4 64 0,
4 66 0,
4 68 0,
4 70 0,
4 72 0,
4 74 0,
4 76 0,
4 78 0,
4 80 0,
4 82 0,
4 84 0,
4 86 0,
4 88 0,
4 90 0,
6 -90 0,
6 -88 0,
6 -86 0,
6 -84 0,
6 -82 0,
6 -80 0,
6 -78 0,
6 -76 0,
6 -74 0,
6 -72 0,
6 -70 0,
6 -68 0,
6 -66 0,
6 -64 0,
6 -62 0,
6 -60 0,
6 -58 0,
6 -56 0,
6 -54 0,
6 -52 0,
6 -50 0,
6 -48 0,
6 -46 0,
6 -44 0,
6 -42 0,
6 -40 0,
6 -38 0,
6 -36 0,
6 -34 0,
6 -32 0,
6 -30 0,
6 -28 0,
6 -26 0,
6 -24 0,
6 -22 0,
6 -20 0,
6 -18 0,
6 -16 0,
6 -14 0,
6 -12 0,
6 -10 0,
6 -8 0,
6 -6 0,
6 -4 0,
6 -2 0,
6 0 0,
6 2 0,
6 4 0,
6 6 0,
6 8 0,
6 10 0,
6 12 0,
6 14 0,
6 16 0,
6 18 0,
6 20 0,
6 22 0,
6 24 0,
6 26 0,
6 28 0,
6 30 0,
6 32 0,
6 34 0,
6 36 0,
6 38 0,
6 40 0,
6 42 0,
6 44 0,
6 46 0,
6 48 0,
6 50 0,
6 52 0,
6 54 0,
6 56 0,
6 58 0,
6 60 0,
6 62 0,
6 64 0,
6 66 0,
6 68 0,
6 70 0,
6 72 0,
6 74 0,
6 76 0,
6 78 0,
6 80 0,
6 82 0,
6 84 0,
6 86 0,
6 88 0,
6 90 0,
8 -90 0,
8 -88 0,
8 -86 0,
8 -84 0,
8 -82 0,
8 -80 0,
8 -78 0,
8 -76 0,
8 -74 0,
8 -72 0,
8 -70 0,
8 -68 0,
8 -66 0,
8 -64 0,
8 -62 0,
8 -60 0,
8 -58 0,
8 -56 0,
8 -54 0,
8 -52 0,
8 -50 0,
8 -48 0,
8 -46 0,
8 -44 0,
8 -42 0,
8 -40 0,
8 -38 0,
8 -36 0,
8 -34 0,
8 -32 0,
8 -30 0,
8 -28 0,
8 -26 0,
8 -24 0,
8 -22 0,
8 -20 0,
8 -18 0,
8 -16 0,
8 -14 0,
8 -12 0,
8 -10 0,
8 -8 0,
8 -6 0,
8 -4 0,
8 -2 0,
8 0 0,
8 2 0,
8 4 0,
8 6 0,
8 8 0,
8 10 0,
8 12 0,
8 14 0,
8 16 0,
8 18 0,
8 20 0,
8 22 0,
8 24 0,
8 26 0,
8 28 0,
8 30 0,
8 32 0,
8 34 0,
8 36 0,
8 38 0,
8 40 0,
8 42 0,
8 44 0,
8 46 0,
8 48 0,
8 50 0,
8 52 0,
8 54 0,
8 56 0,
8 58 0,
8 60 0,
8 62 0,
8 64 0,
8 66 0,
8 68 0,
8 70 0,
8 72 0,
8 74 0,
8 76 0,
8 78 0,
8 80 0,
8 82 0,
8 84 0,
8 86 0,
8 88 0,
8 90 0,
10 -90 0,
10 -88 0,
10 -86 0,
10 -84 0,
10 -82 0,
10 -80 0,
10 -78 0,
10 -76 0,
10 -74 0,
10 -72 0,
10 -70 0,
10 -68 0,
10 -66 0,
10 -64 0,
10 -62 0,
10 -60 0,
10 -58 0,
10 -56 0,
10 -54 0,
10 -52 0,
10 -50 0,
10 -48 0,
10 -46 0,
10 -44 0,
10 -42 0,
10 -40 0,
10 -38 0,
10 -36 0,
10 -34 0,
10 -32 0,
10 -30 0,
10 -28 0,
10 -26 0,
10 -24 0,
10 -22 0,
10 -20 0,
10 -18 0,
10 -16 0,
10 -14 0,
10 -12 0,
10 -10 0,
10 -8 0,
10 -6 0,
10 -4 0,
10 -2 0,
10 0 0,
10 2 0,
10 4 0,
10 6 0,
10 8 0,
10 10 0,
10 12 0,
10 14 0,
10 16 0,
10 18 0,
10 20 0,
10 22 0,
10 24 0,
10 26 0,
10 28 0,
10 30 0,
10 32 0,
10 34 0,
10 36 0,
10 38 0,
10 40 0,
10 42 0,
10 44 0,
10 46 0,
10 48 0,
10 50 0,
10 52 0,
10 54 0,
10 56 0,
10 58 0,
10 60 0,
10 62 0,
10 64 0,
10 66 0,
10 68 0,
10 70 0,
10 72 0,
10 74 0,
10 76 0,
10 78 0,
10 80 0,
10 82 0,
10 84 0,
10 86 0,
10 88 0,
10 90 0,
12 -90 0,
12 -88 0,
12 -86 0,
12 -84 0,
12 -82 0,
12 -80 0,
12 -78 0,
12 -76 0,
12 -74 0,
12 -72 0,
12 -70 0,
12 -68 0,
12 -66 0,
12 -64 0,
12 -62 0,
12 -60 0,
12 -58 0,
12 -56 0,
12 -54 0,
12 -52 0,
12 -50 0,
12 -48 0,
12 -46 0,
12 -44 0,
12 -42 0,
12 -40 0,
12 -38 0,
12 -36 0,
12 -34 0,
12 -32 0,
12 -30 0,
12 -28 0,
12 -26 0,
12 -24 0,
12 -22 0,
12 -20 0,
12 -18 0,
12 -16 0,
12 -14 0,
12 -12 0,
12 -10 0,
12 -8 0,
12 -6 0,
12 -4 0,
12 -2 0,
12 0 0,
12 2 0,
12 4 0,
12 6 0,
12 8 0,
12 10 0,
12 12 0,
12 14 0,
12 16 0,
12 18 0,
12 20 0,
12 22 0,
12 24 0,
12 26 0,
12 28 0,
12 30 0,
12 32 0,
12 34 0,
12 36 0,
12 38 0,
12 40 0,
12 42 0,
12 44 0,
12 46 0,
12 48 0,
12 50 0,
12 52 0,
12 54 0,
12 56 0,
12 58 0,
12 60 0,
12 62 0,
12 64 0,
12 66 0,
12 68 0,
12 70 0,
12 72 0,
12 74 0,
12 76 0,
12 78 0,
12 80 0,
12 82 0,
12 84 0,
12 86 0,
12 88 0,
12 90 0,
14 -90 0,
14 -88 0,
14 -86 0,
14 -84 0,
14 -82 0,
14 -80 0,
14 -78 0,
14 -76 0,
14 -74 0,
14 -72 0,
14 -70 0,
14 -68 0,
14 -66 0,
14 -64 0,
14 -62 0,
14 -60 0,
14 -58 0,
14 -56 0,
14 -54 0,
14 -52 0,
14 -50 0,
14 -48 0,
14 -46 0,
14 -44 0,
14 -42 0,
14 -40 0,
14 -38 0,
14 -36 0,
14 -34 0,
14 -32 0,
14 -30 0,
14 -28 0,
14 -26 0,
14 -24 0,
14 -22 0,
14 -20 0,
14 -18 0,
14 -16 0,
14 -14 0,
14 -12 0,
14 -10 0,
14 -8 0,
14 -6 0,
14 -4 0,
14 -2 0,
14 0 0,
14 2 0,
14 4 0,
14 6 0,
14 8 0,
14 10 0,
14 12 0,
14 14 0,
14 16 0,
14 18 0,
14 20 0,
14 22 0,
14 24 0,
14 26 0,
14 28 0,
14 30 0,
14 32 0,
14 34 0,
14 36 0,
14 38 0,
14 40 0,
14 42 0,
14 44 0,
14 46 0,
14 48 0,
14 50 0,
14 52 0,
14 54 0,
14 56 0,
14 58 0,
14 60 0,
14 62 0,
14 64 0,
14 66 0,
14 68 0,
14 70 0,
14 72 0,
14 74 0,
14 76 0,
14 78 0,
14 80 0,
14 82 0,
14 84 0,
14 86 0,
14 88 0,
14 90 0,
16 -90 0,
16 -88 0,
16 -86 0,
16 -84 0,
16 -82 0,
16 -80 0,
16 -78 0,
16 -76 0,
16 -74 0,
16 -72 0,
16 -70 0,
16 -68 0,
16 -66 0,
16 -64 0,
16 -62 0,
16 -60 0,
16 -58 0,
16 -56 0,
16 -54 0,
16 -52 0,
16 -50 0,
16 -48 0,
16 -46 0,
16 -44 0,
16 -42 0,
16 -40 0,
16 -38 0,
16 -36 0,
16 -34 0,
16 -32 0,
16 -30 0,
16 -28 0,
16 -26 0,
16 -24 0,
16 -22 0,
16 -20 0,
16 -18 0,
16 -16 0,
16 -14 0,
16 -12 0,
16 -10 0,
16 -8 0,
16 -6 0,
16 -4 0,
16 -2 0,
16 0 0,
16 2 0,
16 4 0,
16 6 0,
16 8 0,
16 10 0,
16 12 0,
16 14 0,
16 16 0,
16 18 0,
16 20 0,
16 22 0,
16 24 0,
16 26 0,
16 28 0,
16 30 0,
16 32 0,
16 34 0,
16 36 0,
16 38 0,
16 40 0,
16 42 0,
16 44 0,
16 46 0,
16 48 0,
16 50 0,
16 52 0,
16 54 0,
16 56 0,
16 58 0,
16 60 0,
16 62 0,
16 64 0,
16 66 0,
16 68 0,
16 70 0,
16 72 0,
16 74 0,
16 76 0,
16 78 0,
16 80 0,
16 82 0,
16 84 0,
16 86 0,
16 88 0,
16 90 0,
18 -90 0,
18 -88 0,
18 -86 0,
18 -84 0,
18 -82 0,
18 -80 0,
18 -78 0,
18 -76 0,
18 -74 0,
18 -72 0,
18 -70 0,
18 -68 0,
18 -66 0,
18 -64 0,
18 -62 0,
18 -60 0,
18 -58 0,
18 -56 0,
18 -54 0,
18 -52 0,
18 -50 0,
18 -48 0,
18 -46 0,
18 -44 0,
18 -42 0,
18 -40 0,
18 -38 0,
18 -36 0,
18 -34 0,
18 -32 0,
18 -30 0,
18 -28 0,
18 -26 0,
18 -24 0,
18 -22 0,
18 -20 0,
18 -18 0,
18 -16 0,
18 -14 0,
18 -12 0,
18 -10 0,
18 -8 0,
18 -6 0,
18 -4 0,
18 -2 0,
18 0 0,
18 2 0,
18 4 0,
18 6 0,
18 8 0,
18 10 0,
18 12 0,
18 14 0,
18 16 0,
18 18 0,
18 20 0,
18 22 0,
18 24 0,
18 26 0,
18 28 0,
18 30 0,
18 32 0,
18 34 0,
18 36 0,
18 38 0,
18 40 0,
18 42 0,
18 44 0,
18 46 0,
18 48 0,
18 50 0,
18 52 0,
18 54 0,
18 56 0,
18 58 0,
18 60 0,
18 62 0,
18 64 0,
18 66 0,
18 68 0,
18 70 0,
18 72 0,
18 74 0,
18 76 0,
18 78 0,
18 80 0,
18 82 0,
18 84 0,
18 86 0,
18 88 0,
18 90 0,
20 -90 0,
20 -88 0,
20 -86 0,
20 -84 0,
20 -82 0,
20 -80 0,
20 -78 0,
20 -76 0,
20 -74 0,
20 -72 0,
20 -70 0,
20 -68 0,
20 -66 0,
20 -64 0,
20 -62 0,
20 -60 0,
20 -58 0,
20 -56 0,
20 -54 0,
20 -52 0,
20 -50 0,
20 -48 0,
20 -46 0,
20 -44 0,
20 -42 0,
20 -40 0,
20 -38 0,
20 -36 0,
20 -34 0,
20 -32 0,
20 -30 0,
20 -28 0,
20 -26 0,
20 -24 0,
20 -22 0,
20 -20 0,
20 -18 0,
20 -16 0,
20 -14 0,
20 -12 0,
20 -10 0,
20 -8 0,
20 -6 0,
20 -4 0,
20 -2 0,
20 0 0,
20 2 0,
20 4 0,
20 6 0,
20 8 0,
20 10 0,
20 12 0,
20 14 0,
20 16 0,
20 18 0,
20 20 0,
20 22 0,
20 24 0,
20 26 0,
20 28 0,
20 30 0,
20 32 0,
20 34 0,
20 36 0,
20 38 0,
20 40 0,
20 42 0,
20 44 0,
20 46 0,
20 48 0,
20 50 0,
20 52 0,
20 54 0,
20 56 0,
20 58 0,
20 60 0,
20 62 0,
20 64 0,
20 66 0,
20 68 0,
20 70 0,
20 72 0,
20 74 0,
20 76 0,
20 78 0,
20 80 0,
20 82 0,
20 84 0,
20 86 0,
20 88 0,
20 90 0,
22 -90 0,
22 -88 0,
22 -86 0,
22 -84 0,
22 -82 0,
22 -80 0,
22 -78 0,
22 -76 0,
22 -74 0,
22 -72 0,
22 -70 0,
22 -68 0,
22 -66 0,
22 -64 0,
22 -62 0,
22 -60 0,
22 -58 0,
22 -56 0,
22 -54 0,
22 -52 0,
22 -50 0,
22 -48 0,
22 -46 0,
22 -44 0,
22 -42 0,
22 -40 0,
22 -38 0,
22 -36 0,
22 -34 0,
22 -32 0,
22 -30 0,
22 -28 0,
22 -26 0,
22 -24 0,
22 -22 0,
22 -20 0,
22 -18 0,
22 -16 0,
22 -14 0,
22 -12 0,
22 -10 0,
22 -8 0,
22 -6 0,
22 -4 0,
22 -2 0,
22 0 0,
22 2 0,
22 4 0,
22 6 0,
22 8 0,
22 10 0,
22 12 0,
22 14 0,
22 16 0,
22 18 0,
22 20 0,
22 22 0,
22 24 0,
22 26 0,
22 28 0,
22 30 0,
22 32 0,
22 34 0,
22 36 0,
22 38 0,
22 40 0,
22 42 0,
22 44 0,
22 46 0,
22 48 0,
22 50 0,
22 52 0,
22 54 0,
22 56 0,
22 58 0,
22 60 0,
22 62 0,
22 64 0,
22 66 0,
22 68 0,
22 70 0,
22 72 0,
22 74 0,
22 76 0,
22 78 0,
22 80 0,
22 82 0,
22 84 0,
22 86 0,
22 88 0,
22 90 0,
24 -90 0,
24 -88 0,
24 -86 0,
24 -84 0,
24 -82 0,
24 -80 0,
24 -78 0,
24 -76 0,
24 -74 0,
24 -72 0,
24 -70 0,
24 -68 0,
24 -66 0,
24 -64 0,
24 -62 0,
24 -60 0,
24 -58 0,
24 -56 0,
24 -54 0,
24 -52 0,
24 -50 0,
24 -48 0,
24 -46 0,
24 -44 0,
24 -42 0,
24 -40 0,
24 -38 0,
24 -36 0,
24 -34 0,
24 -32 0,
24 -30 0,
24 -28 0,
24 -26 0,
24 -24 0,
24 -22 0,
24 -20 0,
24 -18 0,
24 -16 0,
24 -14 0,
24 -12 0,
24 -10 0,
24 -8 0,
24 -6 0,
24 -4 0,
24 -2 0,
24 0 0,
24 2 0,
24 4 0,
24 6 0,
24 8 0,
24 10 0,
24 12 0,
24 14 0,
24 16 0,
24 18 0,
24 20 0,
24 22 0,
24 24 0,
24 26 0,
24 28 0,
24 30 0,
24 32 0,
24 34 0,
24 36 0,
24 38 0,
24 40 0,
24 42 0,
24 44 0,
24 46 0,
24 48 0,
24 50 0,
24 52 0,
24 54 0,
24 56 0,
24 58 0,
24 60 0,
24 62 0,
24 64 0,
24 66 0,
24 68 0,
24 70 0,
24 72 0,
24 74 0,
24 76 0,
24 78 0,
24 80 0,
24 82 0,
24 84 0,
24 86 0,
24 88 0,
24 90 0,
26 -90 0,
26 -88 0,
26 -86 0,
26 -84 0,
26 -82 0,
26 -80 0,
26 -78 0,
26 -76 0,
26 -74 0,
26 -72 0,
26 -70 0,
26 -68 0,
26 -66 0,
26 -64 0,
26 -62 0,
26 -60 0,
26 -58 0,
26 -56 0,
26 -54 0,
26 -52 0,
26 -50 0,
26 -48 0,
26 -46 0,
26 -44 0,
26 -42 0,
26 -40 0,
26 -38 0,
26 -36 0,
26 -34 0,
26 -32 0,
26 -30 0,
26 -28 0,
26 -26 0,
26 -24 0,
26 -22 0,
26 -20 0,
26 -18 0,
26 -16 0,
26 -14 0,
26 -12 0,
26 -10 0,
26 -8 0,
26 -6 0,
26 -4 0,
26 -2 0,
26 0 0,
26 2 0,
26 4 0,
26 6 0,
26 8 0,
26 10 0,
26 12 0,
26 14 0,
26 16 0,
26 18 0,
26 20 0,
26 22 0,
26 24 0,
26 26 0,
26 28 0,
26 30 0,
26 32 0,
26 34 0,
26 36 0,
26 38 0,
26 40 0,
26 42 0,
26 44 0,
26 46 0,
26 48 0,
26 50 0,
26 52 0,
26 54 0,
26 56 0,
26 58 0,
26 60 0,
26 62 0,
26 64 0,
26 66 0,
26 68 0,
26 70 0,
26 72 0,
26 74 0,
26 76 0,
26 78 0,
26 80 0,
26 82 0,
26 84 0,
26 86 0,
26 88 0,
26 90 0,
28 -90 0,
28 -88 0,
28 -86 0,
28 -84 0,
28 -82 0,
28 -80 0,
28 -78 0,
28 -76 0,
28 -74 0,
28 -72 0,
28 -70 0,
28 -68 0,
28 -66 0,
28 -64 0,
28 -62 0,
28 -60 0,
28 -58 0,
28 -56 0,
28 -54 0,
28 -52 0,
28 -50 0,
28 -48 0,
28 -46 0,
28 -44 0,
28 -42 0,
28 -40 0,
28 -38 0,
28 -36 0,
28 -34 0,
28 -32 0,
28 -30 0,
28 -28 0,
28 -26 0,
28 -24 0,
28 -22 0,
28 -20 0,
28 -18 0,
28 -16 0,
28 -14 0,
28 -12 0,
28 -10 0,
28 -8 0,
28 -6 0,
28 -4 0,
28 -2 0,
28 0 0,
28 2 0,
28 4 0,
28 6 0,
28 8 0,
28 10 0,
28 12 0,
28 14 0,
28 16 0,
28 18 0,
28 20 0,
28 22 0,
28 24 0,
28 26 0,
28 28 0,
28 30 0,
28 32 0,
28 34 0,
28 36 0,
28 38 0,
28 40 0,
28 42 0,
28 44 0,
28 46 0,
28 48 0,
28 50 0,
28 52 0,
28 54 0,
28 56 0,
28 58 0,
28 60 0,
28 62 0,
28 64 0,
28 66 0,
28 68 0,
28 70 0,
28 72 0,
28 74 0,
28 76 0,
28 78 0,
28 80 0,
28 82 0,
28 84 0,
28 86 0,
28 88 0,
28 90 0,
30 -90 0,
30 -88 0,
30 -86 0,
30 -84 0,
30 -82 0,
30 -80 0,
30 -78 0,
30 -76 0,
30 -74 0,
30 -72 0,
30 -70 0,
30 -68 0,
30 -66 0,
30 -64 0,
30 -62 0,
30 -60 0,
30 -58 0,
30 -56 0,
30 -54 0,
30 -52 0,
30 -50 0,
30 -48 0,
30 -46 0,
30 -44 0,
30 -42 0,
30 -40 0,
30 -38 0,
30 -36 0,
30 -34 0,
30 -32 0,
30 -30 0,
30 -28 0,
30 -26 0,
30 -24 0,
30 -22 0,
30 -20 0,
30 -18 0,
30 -16 0,
30 -14 0,
30 -12 0,
30 -10 0,
30 -8 0,
30 -6 0,
30 -4 0,
30 -2 0,
30 0 0,
30 2 0,
30 4 0,
30 6 0,
30 8 0,
30 10 0,
30 12 0,
30 14 0,
30 16 0,
30 18 0,
30 20 0,
30 22 0,
30 24 0,
30 26 0,
30 28 0,
30 30 0,
30 32 0,
30 34 0,
30 36 0,
30 38 0,
30 40 0,
30 42 0,
30 44 0,
30 46 0,
30 48 0,
30 50 0,
30 52 0,
30 54 0,
30 56 0,
30 58 0,
30 60 0,
30 62 0,
30 64 0,
30 66 0,
30 68 0,
30 70 0,
30 72 0,
30 74 0,
30 76 0,
30 78 0,
30 80 0,
30 82 0,
30 84 0,
30 86 0,
30 88 0,
30 90 0,
32 -90 0,
32 -88 0,
32 -86 0,
32 -84 0,
32 -82 0,
32 -80 0,
32 -78 0,
32 -76 0,
32 -74 0,
32 -72 0,
32 -70 0,
32 -68 0,
32 -66 0,
32 -64 0,
32 -62 0,
32 -60 0,
32 -58 0,
32 -56 0,
32 -54 0,
32 -52 0,
32 -50 0,
32 -48 0,
32 -46 0,
32 -44 0,
32 -42 0,
32 -40 0,
32 -38 0,
32 -36 0,
32 -34 0,
32 -32 0,
32 -30 0,
32 -28 0,
32 -26 0,
32 -24 0,
32 -22 0,
32 -20 0,
32 -18 0,
32 -16 0,
32 -14 0,
32 -12 0,
32 -10 0,
32 -8 0,
32 -6 0,
32 -4 0,
32 -2 0,
32 0 0,
32 2 0,
32 4 0,
32 6 0,
32 8 0,
32 10 0,
32 12 0,
32 14 0,
32 16 0,
32 18 0,
32 20 0,
32 22 0,
32 24 0,
32 26 0,
32 28 0,
32 30 0,
32 32 0,
32 34 0,
32 36 0,
32 38 0,
32 40 0,
32 42 0,
32 44 0,
32 46 0,
32 48 0,
32 50 0,
32 52 0,
32 54 0,
32 56 0,
32 58 0,
32 60 0,
32 62 0,
32 64 0,
32 66 0,
32 68 0,
32 70 0,
32 72 0,
32 74 0,
32 76 0,
32 78 0,
32 80 0,
32 82 0,
32 84 0,
32 86 0,
32 88 0,
32 90 0,
34 -90 0,
34 -88 0,
34 -86 0,
34 -84 0,
34 -82 0,
34 -80 0,
34 -78 0,
34 -76 0,
34 -74 0,
34 -72 0,
34 -70 0,
34 -68 0,
34 -66 0,
34 -64 0,
34 -62 0,
34 -60 0,
34 -58 0,
34 -56 0,
34 -54 0,
34 -52 0,
34 -50 0,
34 -48 0,
34 -46 0,
34 -44 0,
34 -42 0,
34 -40 0,
34 -38 0,
34 -36 0,
34 -34 0,
34 -32 0,
34 -30 0,
34 -28 0,
34 -26 0,
34 -24 0,
34 -22 0,
34 -20 0,
34 -18 0,
34 -16 0,
34 -14 0,
34 -12 0,
34 -10 0,
34 -8 0,
34 -6 0,
34 -4 0,
34 -2 0,
34 0 0,
34 2 0,
34 4 0,
34 6 0,
34 8 0,
34 10 0,
34 12 0,
34 14 0,
34 16 0,
34 18 0,
34 20 0,
34 22 0,
34 24 0,
34 26 0,
34 28 0,
34 30 0,
34 32 0,
34 34 0,
34 36 0,
34 38 0,
34 40 0,
34 42 0,
34 44 0,
34 46 0,
34 48 0,
34 50 0,
34 52 0,
34 54 0,
34 56 0,
34 58 0,
34 60 0,
34 62 0,
34 64 0,
34 66 0,
34 68 0,
34 70 0,
34 72 0,
34 74 0,
34 76 0,
34 78 0,
34 80 0,
34 82 0,
34 84 0,
34 86 0,
34 88 0,
34 90 0,
36 -90 0,
36 -88 0,
36 -86 0,
36 -84 0,
36 -82 0,
36 -80 0,
36 -78 0,
36 -76 0,
36 -74 0,
36 -72 0,
36 -70 0,
36 -68 0,
36 -66 0,
36 -64 0,
36 -62 0,
36 -60 0,
36 -58 0,
36 -56 0,
36 -54 0,
36 -52 0,
36 -50 0,
36 -48 0,
36 -46 0,
36 -44 0,
36 -42 0,
36 -40 0,
36 -38 0,
36 -36 0,
36 -34 0,
36 -32 0,
36 -30 0,
36 -28 0,
36 -26 0,
36 -24 0,
36 -22 0,
36 -20 0,
36 -18 0,
36 -16 0,
36 -14 0,
36 -12 0,
36 -10 0,
36 -8 0,
36 -6 0,
36 -4 0,
36 -2 0,
36 0 0,
36 2 0,
36 4 0,
36 6 0,
36 8 0,
36 10 0,
36 12 0,
36 14 0,
36 16 0,
36 18 0,
36 20 0,
36 22 0,
36 24 0,
36 26 0,
36 28 0,
36 30 0,
36 32 0,
36 34 0,
36 36 0,
36 38 0,
36 40 0,
36 42 0,
36 44 0,
36 46 0,
36 48 0,
36 50 0,
36 52 0,
36 54 0,
36 56 0,
36 58 0,
36 60 0,
36 62 0,
36 64 0,
36 66 0,
36 68 0,
36 70 0,
36 72 0,
36 74 0,
36 76 0,
36 78 0,
36 80 0,
36 82 0,
36 84 0,
36 86 0,
36 88 0,
36 90 0,
38 -90 0,
38 -88 0,
38 -86 0,
38 -84 0,
38 -82 0,
38 -80 0,
38 -78 0,
38 -76 0,
38 -74 0,
38 -72 0,
38 -70 0,
38 -68 0,
38 -66 0,
38 -64 0,
38 -62 0,
38 -60 0,
38 -58 0,
38 -56 0,
38 -54 0,
38 -52 0,
38 -50 0,
38 -48 0,
38 -46 0,
38 -44 0,
38 -42 0,
38 -40 0,
38 -38 0,
38 -36 0,
38 -34 0,
38 -32 0,
38 -30 0,
38 -28 0,
38 -26 0,
38 -24 0,
38 -22 0,
38 -20 0,
38 -18 0,
38 -16 0,
38 -14 0,
38 -12 0,
38 -10 0,
38 -8 0,
38 -6 0,
38 -4 0,
38 -2 0,
38 0 0,
38 2 0,
38 4 0,
38 6 0,
38 8 0,
38 10 0,
38 12 0,
38 14 0,
38 16 0,
38 18 0,
38 20 0,
38 22 0,
38 24 0,
38 26 0,
38 28 0,
38 30 0,
38 32 0,
38 34 0,
38 36 0,
38 38 0,
38 40 0,
38 42 0,
38 44 0,
38 46 0,
38 48 0,
38 50 0,
38 52 0,
38 54 0,
38 56 0,
38 58 0,
38 60 0,
38 62 0,
38 64 0,
38 66 0,
38 68 0,
38 70 0,
38 72 0,
38 74 0,
38 76 0,
38 78 0,
38 80 0,
38 82 0,
38 84 0,
38 86 0,
38 88 0,
38 90 0,
40 -90 0,
40 -88 0,
40 -86 0,
40 -84 0,
40 -82 0,
40 -80 0,
40 -78 0,
40 -76 0,
40 -74 0,
40 -72 0,
40 -70 0,
40 -68 0,
40 -66 0,
40 -64 0,
40 -62 0,
40 -60 0,
40 -58 0,
40 -56 0,
40 -54 0,
40 -52 0,
40 -50 0,
40 -48 0,
40 -46 0,
40 -44 0,
40 -42 0,
40 -40 0,
40 -38 0,
40 -36 0,
40 -34 0,
40 -32 0,
40 -30 0,
40 -28 0,
40 -26 0,
40 -24 0,
40 -22 0,
40 -20 0,
40 -18 0,
40 -16 0,
40 -14 0,
40 -12 0,
40 -10 0,
40 -8 0,
40 -6 0,
40 -4 0,
40 -2 0,
40 0 0,
40 2 0,
40 4 0,
40 6 0,
40 8 0,
40 10 0,
40 12 0,
40 14 0,
40 16 0,
40 18 0,
40 20 0,
40 22 0,
40 24 0,
40 26 0,
40 28 0,
40 30 0,
40 32 0,
40 34 0,
40 36 0,
40 38 0,
40 40 0,
40 42 0,
40 44 0,
40 46 0,
40 48 0,
40 50 0,
40 52 0,
40 54 0,
40 56 0,
40 58 0,
40 60 0,
40 62 0,
40 64 0,
40 66 0,
40 68 0,
40 70 0,
40 72 0,
40 74 0,
40 76 0,
40 78 0,
40 80 0,
40 82 0,
40 84 0,
40 86 0,
40 88 0,
40 90 0,
42 -90 0,
42 -88 0,
42 -86 0,
42 -84 0,
42 -82 0,
42 -80 0,
42 -78 0,
42 -76 0,
42 -74 0,
42 -72 0,
42 -70 0,
42 -68 0,
42 -66 0,
42 -64 0,
42 -62 0,
42 -60 0,
42 -58 0,
42 -56 0,
42 -54 0,
42 -52 0,
42 -50 0,
42 -48 0,
42 -46 0,
42 -44 0,
42 -42 0,
42 -40 0,
42 -38 0,
42 -36 0,
42 -34 0,
42 -32 0,
42 -30 0,
42 -28 0,
42 -26 0,
42 -24 0,
42 -22 0,
42 -20 0,
42 -18 0,
42 -16 0,
42 -14 0,
42 -12 0,
42 -10 0,
42 -8 0,
42 -6 0,
42 -4 0,
42 -2 0,
42 0 0,
42 2 0,
42 4 0,
42 6 0,
42 8 0,
42 10 0,
42 12 0,
42 14 0,
42 16 0,
42 18 0,
42 20 0,
42 22 0,
42 24 0,
42 26 0,
42 28 0,
42 30 0,
42 32 0,
42 34 0,
42 36 0,
42 38 0,
42 40 0,
42 42 0,
42 44 0,
42 46 0,
42 48 0,
42 50 0,
42 52 0,
42 54 0,
42 56 0,
42 58 0,
42 60 0,
42 62 0,
42 64 0,
42 66 0,
42 68 0,
42 70 0,
42 72 0,
42 74 0,
42 76 0,
42 78 0,
42 80 0,
42 82 0,
42 84 0,
42 86 0,
42 88 0,
42 90 0,
44 -90 0,
44 -88 0,
44 -86 0,
44 -84 0,
44 -82 0,
44 -80 0,
44 -78 0,
44 -76 0,
44 -74 0,
44 -72 0,
44 -70 0,
44 -68 0,
44 -66 0,
44 -64 0,
44 -62 0,
44 -60 0,
44 -58 0,
44 -56 0,
44 -54 0,
44 -52 0,
44 -50 0,
44 -48 0,
44 -46 0,
44 -44 0,
44 -42 0,
44 -40 0,
44 -38 0,
44 -36 0,
44 -34 0,
44 -32 0,
44 -30 0,
44 -28 0,
44 -26 0,
44 -24 0,
44 -22 0,
44 -20 0,
44 -18 0,
44 -16 0,
44 -14 0,
44 -12 0,
44 -10 0,
44 -8 0,
44 -6 0,
44 -4 0,
44 -2 0,
44 0 0,
44 2 0,
44 4 0,
44 6 0,
44 8 0,
44 10 0,
44 12 0,
44 14 0,
44 16 0,
44 18 0,
44 20 0,
44 22 0,
44 24 0,
44 26 0,
44 28 0,
44 30 0,
44 32 0,
44 34 0,
44 36 0,
44 38 0,
44 40 0,
44 42 0,
44 44 0,
44 46 0,
44 48 0,
44 50 0,
44 52 0,
44 54 0,
44 56 0,
44 58 0,
44 60 0,
44 62 0,
44 64 0,
44 66 0,
44 68 0,
44 70 0,
44 72 0,
44 74 0,
44 76 0,
44 78 0,
44 80 0,
44 82 0,
44 84 0,
44 86 0,
44 88 0,
44 90 0,
46 -90 0,
46 -88 0,
46 -86 0,
46 -84 0,
46 -82 0,
46 -80 0,
46 -78 0,
46 -76 0,
46 -74 0,
46 -72 0,
46 -70 0,
46 -68 0,
46 -66 0,
46 -64 0,
46 -62 0,
46 -60 0,
46 -58 0,
46 -56 0,
46 -54 0,
46 -52 0,
46 -50 0,
46 -48 0,
46 -46 0,
46 -44 0,
46 -42 0,
46 -40 0,
46 -38 0,
46 -36 0,
46 -34 0,
46 -32 0,
46 -30 0,
46 -28 0,
46 -26 0,
46 -24 0,
46 -22 0,
46 -20 0,
46 -18 0,
46 -16 0,
46 -14 0,
46 -12 0,
46 -10 0,
46 -8 0,
46 -6 0,
46 -4 0,
46 -2 0,
46 0 0,
46 2 0,
46 4 0,
46 6 0,
46 8 0,
46 10 0,
46 12 0,
46 14 0,
46 16 0,
46 18 0,
46 20 0,
46 22 0,
46 24 0,
46 26 0,
46 28 0,
46 30 0,
46 32 0,
46 34 0,
46 36 0,
46 38 0,
46 40 0,
46 42 0,
46 44 0,
46 46 0,
46 48 0,
46 50 0,
46 52 0,
46 54 0,
46 56 0,
46 58 0,
46 60 0,
46 62 0,
46 64 0,
46 66 0,
46 68 0,
46 70 0,
46 72 0,
46 74 0,
46 76 0,
46 78 0,
46 80 0,
46 82 0,
46 84 0,
46 86 0,
46 88 0,
46 90 0,
48 -90 0,
48 -88 0,
48 -86 0,
48 -84 0,
48 -82 0,
48 -80 0,
48 -78 0,
48 -76 0,
48 -74 0,
48 -72 0,
48 -70 0,
48 -68 0,
48 -66 0,
48 -64 0,
48 -62 0,
48 -60 0,
48 -58 0,
48 -56 0,
48 -54 0,
48 -52 0,
48 -50 0,
48 -48 0,
48 -46 0,
48 -44 0,
48 -42 0,
48 -40 0,
48 -38 0,
48 -36 0,
48 -34 0,
48 -32 0,
48 -30 0,
48 -28 0,
48 -26 0,
48 -24 0,
48 -22 0,
48 -20 0,
48 -18 0,
48 -16 0,
48 -14 0,
48 -12 0,
48 -10 0,
48 -8 0,
48 -6 0,
48 -4 0,
48 -2 0,
48 0 0,
48 2 0,
48 4 0,
48 6 0,
48 8 0,
48 10 0,
48 12 0,
48 14 0,
48 16 0,
48 18 0,
48 20 0,
48 22 0,
48 24 0,
48 26 0,
48 28 0,
48 30 0,
48 32 0,
48 34 0,
48 36 0,
48 38 0,
48 40 0,
48 42 0,
48 44 0,
48 46 0,
48 48 0,
48 50 0,
48 52 0,
48 54 0,
48 56 0,
48 58 0,
48 60 0,
48 62 0,
48 64 0,
48 66 0,
48 68 0,
48 70 0,
48 72 0,
48 74 0,
48 76 0,
48 78 0,
48 80 0,
48 82 0,
48 84 0,
48 86 0,
48 88 0,
48 90 0,
50 -90 0,
50 -88 0,
50 -86 0,
50 -84 0,
50 -82 0,
50 -80 0,
50 -78 0,
50 -76 0,
50 -74 0,
50 -72 0,
50 -70 0,
50 -68 0,
50 -66 0,
50 -64 0,
50 -62 0,
50 -60 0,
50 -58 0,
50 -56 0,
50 -54 0,
50 -52 0,
50 -50 0,
50 -48 0,
50 -46 0,
50 -44 0,
50 -42 0,
50 -40 0,
50 -38 0,
50 -36 0,
50 -34 0,
50 -32 0,
50 -30 0,
50 -28 0,
50 -26 0,
50 -24 0,
50 -22 0,
50 -20 0,
50 -18 0,
50 -16 0,
50 -14 0,
50 -12 0,
50 -10 0,
50 -8 0,
50 -6 0,
50 -4 0,
50 -2 0,
50 0 0,
50 2 0,
50 4 0,
50 6 0,
50 8 0,
50 10 0,
50 12 0,
50 14 0,
50 16 0,
50 18 0,
50 20 0,
50 22 0,
50 24 0,
50 26 0,
50 28 0,
50 30 0,
50 32 0,
50 34 0,
50 36 0,
50 38 0,
50 40 0,
50 42 0,
50 44 0,
50 46 0,
50 48 0,
50 50 0,
50 52 0,
50 54 0,
50 56 0,
50 58 0,
50 60 0,
50 62 0,
50 64 0,
50 66 0,
50 68 0,
50 70 0,
50 72 0,
50 74 0,
50 76 0,
50 78 0,
50 80 0,
50 82 0,
50 84 0,
50 86 0,
50 88 0,
50 90 0,
52 -90 0,
52 -88 0,
52 -86 0,
52 -84 0,
52 -82 0,
52 -80 0,
52 -78 0,
52 -76 0,
52 -74 0,
52 -72 0,
52 -70 0,
52 -68 0,
52 -66 0,
52 -64 0,
52 -62 0,
52 -60 0,
52 -58 0,
52 -56 0,
52 -54 0,
52 -52 0,
52 -50 0,
52 -48 0,
52 -46 0,
52 -44 0,
52 -42 0,
52 -40 0,
52 -38 0,
52 -36 0,
52 -34 0,
52 -32 0,
52 -30 0,
52 -28 0,
52 -26 0,
52 -24 0,
52 -22 0,
52 -20 0,
52 -18 0,
52 -16 0,
52 -14 0,
52 -12 0,
52 -10 0,
52 -8 0,
52 -6 0,
52 -4 0,
52 -2 0,
52 0 0,
52 2 0,
52 4 0,
52 6 0,
52 8 0,
52 10 0,
52 12 0,
52 14 0,
52 16 0,
52 18 0,
52 20 0,
52 22 0,
52 24 0,
52 26 0,
52 28 0,
52 30 0,
52 32 0,
52 34 0,
52 36 0,
52 38 0,
52 40 0,
52 42 0,
52 44 0,
52 46 0,
52 48 0,
52 50 0,
52 52 0,
52 54 0,
52 56 0,
52 58 0,
52 60 0,
52 62 0,
52 64 0,
52 66 0,
52 68 0,
52 70 0,
52 72 0,
52 74 0,
52 76 0,
52 78 0,
52 80 0,
52 82 0,
52 84 0,
52 86 0,
52 88 0,
52 90 0,
54 -90 0,
54 -88 0,
54 -86 0,
54 -84 0,
54 -82 0,
54 -80 0,
54 -78 0,
54 -76 0,
54 -74 0,
54 -72 0,
54 -70 0,
54 -68 0,
54 -66 0,
54 -64 0,
54 -62 0,
54 -60 0,
54 -58 0,
54 -56 0,
54 -54 0,
54 -52 0,
54 -50 0,
54 -48 0,
54 -46 0,
54 -44 0,
54 -42 0,
54 -40 0,
54 -38 0,
54 -36 0,
54 -34 0,
54 -32 0,
54 -30 0,
54 -28 0,
54 -26 0,
54 -24 0,
54 -22 0,
54 -20 0,
54 -18 0,
54 -16 0,
54 -14 0,
54 -12 0,
54 -10 0,
54 -8 0,
54 -6 0,
54 -4 0,
54 -2 0,
54 0 0,
54 2 0,
54 4 0,
54 6 0,
54 8 0,
54 10 0,
54 12 0,
54 14 0,
54 16 0,
54 18 0,
54 20 0,
54 22 0,
54 24 0,
54 26 0,
54 28 0,
54 30 0,
54 32 0,
54 34 0,
54 36 0,
54 38 0,
54 40 0,
54 42 0,
54 44 0,
54 46 0,
54 48 0,
54 50 0,
54 52 0,
54 54 0,
54 56 0,
54 58 0,
54 60 0,
54 62 0,
54 64 0,
54 66 0,
54 68 0,
54 70 0,
54 72 0,
54 74 0,
54 76 0,
54 78 0,
54 80 0,
54 82 0,
54 84 0,
54 86 0,
54 88 0,
54 90 0,
56 -90 0,
56 -88 0,
56 -86 0,
56 -84 0,
56 -82 0,
56 -80 0,
56 -78 0,
56 -76 0,
56 -74 0,
56 -72 0,
56 -70 0,
56 -68 0,
56 -66 0,
56 -64 0,
56 -62 0,
56 -60 0,
56 -58 0,
56 -56 0,
56 -54 0,
56 -52 0,
56 -50 0,
56 -48 0,
56 -46 0,
56 -44 0,
56 -42 0,
56 -40 0,
56 -38 0,
56 -36 0,
56 -34 0,
56 -32 0,
56 -30 0,
56 -28 0,
56 -26 0,
56 -24 0,
56 -22 0,
56 -20 0,
56 -18 0,
56 -16 0,
56 -14 0,
56 -12 0,
56 -10 0,
56 -8 0,
56 -6 0,
56 -4 0,
56 -2 0,
56 0 0,
56 2 0,
56 4 0,
56 6 0,
56 8 0,
56 10 0,
56 12 0,
56 14 0,
56 16 0,
56 18 0,
56 20 0,
56 22 0,
56 24 0,
56 26 0,
56 28 0,
56 30 0,
56 32 0,
56 34 0,
56 36 0,
56 38 0,
56 40 0,
56 42 0,
56 44 0,
56 46 0,
56 48 0,
56 50 0,
56 52 0,
56 54 0,
56 56 0,
56 58 0,
56 60 0,
56 62 0,
56 64 0,
56 66 0,
56 68 0,
56 70 0,
56 72 0,
56 74 0,
56 76 0,
56 78 0,
56 80 0,
56 82 0,
56 84 0,
56 86 0,
56 88 0,
56 90 0,
58 -90 0,
58 -88 0,
58 -86 0,
58 -84 0,
58 -82 0,
58 -80 0,
58 -78 0,
58 -76 0,
58 -74 0,
58 -72 0,
58 -70 0,
58 -68 0,
58 -66 0,
58 -64 0,
58 -62 0,
58 -60 0,
58 -58 0,
58 -56 0,
58 -54 0,
58 -52 0,
58 -50 0,
58 -48 0,
58 -46 0,
58 -44 0,
58 -42 0,
58 -40 0,
58 -38 0,
58 -36 0,
58 -34 0,
58 -32 0,
58 -30 0,
58 -28 0,
58 -26 0,
58 -24 0,
58 -22 0,
58 -20 0,
58 -18 0,
58 -16 0,
58 -14 0,
58 -12 0,
58 -10 0,
58 -8 0,
58 -6 0,
58 -4 0,
58 -2 0,
58 0 0,
58 2 0,
58 4 0,
58 6 0,
58 8 0,
58 10 0,
58 12 0,
58 14 0,
58 16 0,
58 18 0,
58 20 0,
58 22 0,
58 24 0,
58 26 0,
58 28 0,
58 30 0,
58 32 0,
58 34 0,
58 36 0,
58 38 0,
58 40 0,
58 42 0,
58 44 0,
58 46 0,
58 48 0,
58 50 0,
58 52 0,
58 54 0,
58 56 0,
58 58 0,
58 60 0,
58 62 0,
58 64 0,
58 66 0,
58 68 0,
58 70 0,
58 72 0,
58 74 0,
58 76 0,
58 78 0,
58 80 0,
58 82 0,
58 84 0,
58 86 0,
58 88 0,
58 90 0,
60 -90 0,
60 -88 0,
60 -86 0,
60 -84 0,
60 -82 0,
60 -80 0,
60 -78 0,
60 -76 0,
60 -74 0,
60 -72 0,
60 -70 0,
60 -68 0,
60 -66 0,
60 -64 0,
60 -62 0,
60 -60 0,
60 -58 0,
60 -56 0,
60 -54 0,
60 -52 0,
60 -50 0,
60 -48 0,
60 -46 0,
60 -44 0,
60 -42 0,
60 -40 0,
60 -38 0,
60 -36 0,
60 -34 0,
60 -32 0,
60 -30 0,
60 -28 0,
60 -26 0,
60 -24 0,
60 -22 0,
60 -20 0,
60 -18 0,
60 -16 0,
60 -14 0,
60 -12 0,
60 -10 0,
60 -8 0,
60 -6 0,
60 -4 0,
60 -2 0,
60 0 0,
60 2 0,
60 4 0,
60 6 0,
60 8 0,
60 10 0,
60 12 0,
60 14 0,
60 16 0,
60 18 0,
60 20 0,
60 22 0,
60 24 0,
60 26 0,
60 28 0,
60 30 0,
60 32 0,
60 34 0,
60 36 0,
60 38 0,
60 40 0,
60 42 0,
60 44 0,
60 46 0,
60 48 0,
60 50 0,
60 52 0,
60 54 0,
60 56 0,
60 58 0,
60 60 0,
60 62 0,
60 64 0,
60 66 0,
60 68 0,
60 70 0,
60 72 0,
60 74 0,
60 76 0,
60 78 0,
60 80 0,
60 82 0,
60 84 0,
60 86 0,
60 88 0,
60 90 0,
62 -90 0,
62 -88 0,
62 -86 0,
62 -84 0,
62 -82 0,
62 -80 0,
62 -78 0,
62 -76 0,
62 -74 0,
62 -72 0,
62 -70 0,
62 -68 0,
62 -66 0,
62 -64 0,
62 -62 0,
62 -60 0,
62 -58 0,
62 -56 0,
62 -54 0,
62 -52 0,
62 -50 0,
62 -48 0,
62 -46 0,
62 -44 0,
62 -42 0,
62 -40 0,
62 -38 0,
62 -36 0,
62 -34 0,
62 -32 0,
62 -30 0,
62 -28 0,
62 -26 0,
62 -24 0,
62 -22 0,
62 -20 0,
62 -18 0,
62 -16 0,
62 -14 0,
62 -12 0,
62 -10 0,
62 -8 0,
62 -6 0,
62 -4 0,
62 -2 0,
62 0 0,
62 2 0,
62 4 0,
62 6 0,
62 8 0,
62 10 0,
62 12 0,
62 14 0,
62 16 0,
62 18 0,
62 20 0,
62 22 0,
62 24 0,
62 26 0,
62 28 0,
62 30 0,
62 32 0,
62 34 0,
62 36 0,
62 38 0,
62 40 0,
62 42 0,
62 44 0,
62 46 0,
62 48 0,
62 50 0,
62 52 0,
62 54 0,
62 56 0,
62 58 0,
62 60 0,
62 62 0,
62 64 0,
62 66 0,
62 68 0,
62 70 0,
62 72 0,
62 74 0,
62 76 0,
62 78 0,
62 80 0,
62 82 0,
62 84 0,
62 86 0,
62 88 0,
62 90 0,
64 -90 0,
64 -88 0,
64 -86 0,
64 -84 0,
64 -82 0,
64 -80 0,
64 -78 0,
64 -76 0,
64 -74 0,
64 -72 0,
64 -70 0,
64 -68 0,
64 -66 0,
64 -64 0,
64 -62 0,
64 -60 0,
64 -58 0,
64 -56 0,
64 -54 0,
64 -52 0,
64 -50 0,
64 -48 0,
64 -46 0,
64 -44 0,
64 -42 0,
64 -40 0,
64 -38 0,
64 -36 0,
64 -34 0,
64 -32 0,
64 -30 0,
64 -28 0,
64 -26 0,
64 -24 0,
64 -22 0,
64 -20 0,
64 -18 0,
64 -16 0,
64 -14 0,
64 -12 0,
64 -10 0,
64 -8 0,
64 -6 0,
64 -4 0,
64 -2 0,
64 0 0,
64 2 0,
64 4 0,
64 6 0,
64 8 0,
64 10 0,
64 12 0,
64 14 0,
64 16 0,
64 18 0,
64 20 0,
64 22 0,
64 24 0,
64 26 0,
64 28 0,
64 30 0,
64 32 0,
64 34 0,
64 36 0,
64 38 0,
64 40 0,
64 42 0,
64 44 0,
64 46 0,
64 48 0,
64 50 0,
64 52 0,
64 54 0,
64 56 0,
64 58 0,
64 60 0,
64 62 0,
64 64 0,
64 66 0,
64 68 0,
64 70 0,
64 72 0,
64 74 0,
64 76 0,
64 78 0,
64 80 0,
64 82 0,
64 84 0,
64 86 0,
64 88 0,
64 90 0,
66 -90 0,
66 -88 0,
66 -86 0,
66 -84 0,
66 -82 0,
66 -80 0,
66 -78 0,
66 -76 0,
66 -74 0,
66 -72 0,
66 -70 0,
66 -68 0,
66 -66 0,
66 -64 0,
66 -62 0,
66 -60 0,
66 -58 0,
66 -56 0,
66 -54 0,
66 -52 0,
66 -50 0,
66 -48 0,
66 -46 0,
66 -44 0,
66 -42 0,
66 -40 0,
66 -38 0,
66 -36 0,
66 -34 0,
66 -32 0,
66 -30 0,
66 -28 0,
66 -26 0,
66 -24 0,
66 -22 0,
66 -20 0,
66 -18 0,
66 -16 0,
66 -14 0,
66 -12 0,
66 -10 0,
66 -8 0,
66 -6 0,
66 -4 0,
66 -2 0,
66 0 0,
66 2 0,
66 4 0,
66 6 0,
66 8 0,
66 10 0,
66 12 0,
66 14 0,
66 16 0,
66 18 0,
66 20 0,
66 22 0,
66 24 0,
66 26 0,
66 28 0,
66 30 0,
66 32 0,
66 34 0,
66 36 0,
66 38 0,
66 40 0,
66 42 0,
66 44 0,
66 46 0,
66 48 0,
66 50 0,
66 52 0,
66 54 0,
66 56 0,
66 58 0,
66 60 0,
66 62 0,
66 64 0,
66 66 0,
66 68 0,
66 70 0,
66 72 0,
66 74 0,
66 76 0,
66 78 0,
66 80 0,
66 82 0,
66 84 0,
66 86 0,
66 88 0,
66 90 0,
68 -90 0,
68 -88 0,
68 -86 0,
68 -84 0,
68 -82 0,
68 -80 0,
68 -78 0,
68 -76 0,
68 -74 0,
68 -72 0,
68 -70 0,
68 -68 0,
68 -66 0,
68 -64 0,
68 -62 0,
68 -60 0,
68 -58 0,
68 -56 0,
68 -54 0,
68 -52 0,
68 -50 0,
68 -48 0,
68 -46 0,
68 -44 0,
68 -42 0,
68 -40 0,
68 -38 0,
68 -36 0,
68 -34 0,
68 -32 0,
68 -30 0,
68 -28 0,
68 -26 0,
68 -24 0,
68 -22 0,
68 -20 0,
68 -18 0,
68 -16 0,
68 -14 0,
68 -12 0,
68 -10 0,
68 -8 0,
68 -6 0,
68 -4 0,
68 -2 0,
68 0 0,
68 2 0,
68 4 0,
68 6 0,
68 8 0,
68 10 0,
68 12 0,
68 14 0,
68 16 0,
68 18 0,
68 20 0,
68 22 0,
68 24 0,
68 26 0,
68 28 0,
68 30 0,
68 32 0,
68 34 0,
68 36 0,
68 38 0,
68 40 0,
68 42 0,
68 44 0,
68 46 0,
68 48 0,
68 50 0,
68 52 0,
68 54 0,
68 56 0,
68 58 0,
68 60 0,
68 62 0,
68 64 0,
68 66 0,
68 68 0,
68 70 0,
68 72 0,
68 74 0,
68 76 0,
68 78 0,
68 80 0,
68 82 0,
68 84 0,
68 86 0,
68 88 0,
68 90 0,
70 -90 0,
70 -88 0,
70 -86 0,
70 -84 0,
70 -82 0,
70 -80 0,
70 -78 0,
70 -76 0,
70 -74 0,
70 -72 0,
70 -70 0,
70 -68 0,
70 -66 0,
70 -64 0,
70 -62 0,
70 -60 0,
70 -58 0,
70 -56 0,
70 -54 0,
70 -52 0,
70 -50 0,
70 -48 0,
70 -46 0,
70 -44 0,
70 -42 0,
70 -40 0,
70 -38 0,
70 -36 0,
70 -34 0,
70 -32 0,
70 -30 0,
70 -28 0,
70 -26 0,
70 -24 0,
70 -22 0,
70 -20 0,
70 -18 0,
70 -16 0,
70 -14 0,
70 -12 0,
70 -10 0,
70 -8 0,
70 -6 0,
70 -4 0,
70 -2 0,
70 0 0,
70 2 0,
70 4 0,
70 6 0,
70 8 0,
70 10 0,
70 12 0,
70 14 0,
70 16 0,
70 18 0,
70 20 0,
70 22 0,
70 24 0,
70 26 0,
70 28 0,
70 30 0,
70 32 0,
70 34 0,
70 36 0,
70 38 0,
70 40 0,
70 42 0,
70 44 0,
70 46 0,
70 48 0,
70 50 0,
70 52 0,
70 54 0,
70 56 0,
70 58 0,
70 60 0,
70 62 0,
70 64 0,
70 66 0,
70 68 0,
70 70 0,
70 72 0,
70 74 0,
70 76 0,
70 78 0,
70 80 0,
70 82 0,
70 84 0,
70 86 0,
70 88 0,
70 90 0,
72 -90 0,
72 -88 0,
72 -86 0,
72 -84 0,
72 -82 0,
72 -80 0,
72 -78 0,
72 -76 0,
72 -74 0,
72 -72 0,
72 -70 0,
72 -68 0,
72 -66 0,
72 -64 0,
72 -62 0,
72 -60 0,
72 -58 0,
72 -56 0,
72 -54 0,
72 -52 0,
72 -50 0,
72 -48 0,
72 -46 0,
72 -44 0,
72 -42 0,
72 -40 0,
72 -38 0,
72 -36 0,
72 -34 0,
72 -32 0,
72 -30 0,
72 -28 0,
72 -26 0,
72 -24 0,
72 -22 0,
72 -20 0,
72 -18 0,
72 -16 0,
72 -14 0,
72 -12 0,
72 -10 0,
72 -8 0,
72 -6 0,
72 -4 0,
72 -2 0,
72 0 0,
72 2 0,
72 4 0,
72 6 0,
72 8 0,
72 10 0,
72 12 0,
72 14 0,
72 16 0,
72 18 0,
72 20 0,
72 22 0,
72 24 0,
72 26 0,
72 28 0,
72 30 0,
72 32 0,
72 34 0,
72 36 0,
72 38 0,
72 40 0,
72 42 0,
72 44 0,
72 46 0,
72 48 0,
72 50 0,
72 52 0,
72 54 0,
72 56 0,
72 58 0,
72 60 0,
72 62 0,
72 64 0,
72 66 0,
72 68 0,
72 70 0,
72 72 0,
72 74 0,
72 76 0,
72 78 0,
72 80 0,
72 82 0,
72 84 0,
72 86 0,
72 88 0,
72 90 0,
74 -90 0,
74 -88 0,
74 -86 0,
74 -84 0,
74 -82 0,
74 -80 0,
74 -78 0,
74 -76 0,
74 -74 0,
74 -72 0,
74 -70 0,
74 -68 0,
74 -66 0,
74 -64 0,
74 -62 0,
74 -60 0,
74 -58 0,
74 -56 0,
74 -54 0,
74 -52 0,
74 -50 0,
74 -48 0,
74 -46 0,
74 -44 0,
74 -42 0,
74 -40 0,
74 -38 0,
74 -36 0,
74 -34 0,
74 -32 0,
74 -30 0,
74 -28 0,
74 -26 0,
74 -24 0,
74 -22 0,
74 -20 0,
74 -18 0,
74 -16 0,
74 -14 0,
74 -12 0,
74 -10 0,
74 -8 0,
74 -6 0,
74 -4 0,
74 -2 0,
74 0 0,
74 2 0,
74 4 0,
74 6 0,
74 8 0,
74 10 0,
74 12 0,
74 14 0,
74 16 0,
74 18 0,
74 20 0,
74 22 0,
74 24 0,
74 26 0,
74 28 0,
74 30 0,
74 32 0,
74 34 0,
74 36 0,
74 38 0,
74 40 0,
74 42 0,
74 44 0,
74 46 0,
74 48 0,
74 50 0,
74 52 0,
74 54 0,
74 56 0,
74 58 0,
74 60 0,
74 62 0,
74 64 0,
74 66 0,
74 68 0,
74 70 0,
74 72 0,
74 74 0,
74 76 0,
74 78 0,
74 80 0,
74 82 0,
74 84 0,
74 86 0,
74 88 0,
74 90 0,
76 -90 0,
76 -88 0,
76 -86 0,
76 -84 0,
76 -82 0,
76 -80 0,
76 -78 0,
76 -76 0,
76 -74 0,
76 -72 0,
76 -70 0,
76 -68 0,
76 -66 0,
76 -64 0,
76 -62 0,
76 -60 0,
76 -58 0,
76 -56 0,
76 -54 0,
76 -52 0,
76 -50 0,
76 -48 0,
76 -46 0,
76 -44 0,
76 -42 0,
76 -40 0,
76 -38 0,
76 -36 0,
76 -34 0,
76 -32 0,
76 -30 0,
76 -28 0,
76 -26 0,
76 -24 0,
76 -22 0,
76 -20 0,
76 -18 0,
76 -16 0,
76 -14 0,
76 -12 0,
76 -10 0,
76 -8 0,
76 -6 0,
76 -4 0,
76 -2 0,
76 0 0,
76 2 0,
76 4 0,
76 6 0,
76 8 0,
76 10 0,
76 12 0,
76 14 0,
76 16 0,
76 18 0,
76 20 0,
76 22 0,
76 24 0,
76 26 0,
76 28 0,
76 30 0,
76 32 0,
76 34 0,
76 36 0,
76 38 0,
76 40 0,
76 42 0,
76 44 0,
76 46 0,
76 48 0,
76 50 0,
76 52 0,
76 54 0,
76 56 0,
76 58 0,
76 60 0,
76 62 0,
76 64 0,
76 66 0,
76 68 0,
76 70 0,
76 72 0,
76 74 0,
76 76 0,
76 78 0,
76 80 0,
76 82 0,
76 84 0,
76 86 0,
76 88 0,
76 90 0,
78 -90 0,
78 -88 0,
78 -86 0,
78 -84 0,
78 -82 0,
78 -80 0,
78 -78 0,
78 -76 0,
78 -74 0,
78 -72 0,
78 -70 0,
78 -68 0,
78 -66 0,
78 -64 0,
78 -62 0,
78 -60 0,
78 -58 0,
78 -56 0,
78 -54 0,
78 -52 0,
78 -50 0,
78 -48 0,
78 -46 0,
78 -44 0,
78 -42 0,
78 -40 0,
78 -38 0,
78 -36 0,
78 -34 0,
78 -32 0,
78 -30 0,
78 -28 0,
78 -26 0,
78 -24 0,
78 -22 0,
78 -20 0,
78 -18 0,
78 -16 0,
78 -14 0,
78 -12 0,
78 -10 0,
78 -8 0,
78 -6 0,
78 -4 0,
78 -2 0,
78 0 0,
78 2 0,
78 4 0,
78 6 0,
78 8 0,
78 10 0,
78 12 0,
78 14 0,
78 16 0,
78 18 0,
78 20 0,
78 22 0,
78 24 0,
78 26 0,
78 28 0,
78 30 0,
78 32 0,
78 34 0,
78 36 0,
78 38 0,
78 40 0,
78 42 0,
78 44 0,
78 46 0,
78 48 0,
78 50 0,
78 52 0,
78 54 0,
78 56 0,
78 58 0,
78 60 0,
78 62 0,
78 64 0,
78 66 0,
78 68 0,
78 70 0,
78 72 0,
78 74 0,
78 76 0,
78 78 0,
78 80 0,
78 82 0,
78 84 0,
78 86 0,
78 88 0,
78 90 0,
80 -90 0,
80 -88 0,
80 -86 0,
80 -84 0,
80 -82 0,
80 -80 0,
80 -78 0,
80 -76 0,
80 -74 0,
80 -72 0,
80 -70 0,
80 -68 0,
80 -66 0,
80 -64 0,
80 -62 0,
80 -60 0,
80 -58 0,
80 -56 0,
80 -54 0,
80 -52 0,
80 -50 0,
80 -48 0,
80 -46 0,
80 -44 0,
80 -42 0,
80 -40 0,
80 -38 0,
80 -36 0,
80 -34 0,
80 -32 0,
80 -30 0,
80 -28 0,
80 -26 0,
80 -24 0,
80 -22 0,
80 -20 0,
80 -18 0,
80 -16 0,
80 -14 0,
80 -12 0,
80 -10 0,
80 -8 0,
80 -6 0,
80 -4 0,
80 -2 0,
80 0 0,
80 2 0,
80 4 0,
80 6 0,
80 8 0,
80 10 0,
80 12 0,
80 14 0,
80 16 0,
80 18 0,
80 20 0,
80 22 0,
80 24 0,
80 26 0,
80 28 0,
80 30 0,
80 32 0,
80 34 0,
80 36 0,
80 38 0,
80 40 0,
80 42 0,
80 44 0,
80 46 0,
80 48 0,
80 50 0,
80 52 0,
80 54 0,
80 56 0,
80 58 0,
80 60 0,
80 62 0,
80 64 0,
80 66 0,
80 68 0,
80 70 0,
80 72 0,
80 74 0,
80 76 0,
80 78 0,
80 80 0,
80 82 0,
80 84 0,
80 86 0,
80 88 0,
80 90 0,
82 -90 0,
82 -88 0,
82 -86 0,
82 -84 0,
82 -82 0,
82 -80 0,
82 -78 0,
82 -76 0,
82 -74 0,
82 -72 0,
82 -70 0,
82 -68 0,
82 -66 0,
82 -64 0,
82 -62 0,
82 -60 0,
82 -58 0,
82 -56 0,
82 -54 0,
82 -52 0,
82 -50 0,
82 -48 0,
82 -46 0,
82 -44 0,
82 -42 0,
82 -40 0,
82 -38 0,
82 -36 0,
82 -34 0,
82 -32 0,
82 -30 0,
82 -28 0,
82 -26 0,
82 -24 0,
82 -22 0,
82 -20 0,
82 -18 0,
82 -16 0,
82 -14 0,
82 -12 0,
82 -10 0,
82 -8 0,
82 -6 0,
82 -4 0,
82 -2 0,
82 0 0,
82 2 0,
82 4 0,
82 6 0,
82 8 0,
82 10 0,
82 12 0,
82 14 0,
82 16 0,
82 18 0,
82 20 0,
82 22 0,
82 24 0,
82 26 0,
82 28 0,
82 30 0,
82 32 0,
82 34 0,
82 36 0,
82 38 0,
82 40 0,
82 42 0,
82 44 0,
82 46 0,
82 48 0,
82 50 0,
82 52 0,
82 54 0,
82 56 0,
82 58 0,
82 60 0,
82 62 0,
82 64 0,
82 66 0,
82 68 0,
82 70 0,
82 72 0,
82 74 0,
82 76 0,
82 78 0,
82 80 0,
82 82 0,
82 84 0,
82 86 0,
82 88 0,
82 90 0,
84 -90 0,
84 -88 0,
84 -86 0,
84 -84 0,
84 -82 0,
84 -80 0,
84 -78 0,
84 -76 0,
84 -74 0,
84 -72 0,
84 -70 0,
84 -68 0,
84 -66 0,
84 -64 0,
84 -62 0,
84 -60 0,
84 -58 0,
84 -56 0,
84 -54 0,
84 -52 0,
84 -50 0,
84 -48 0,
84 -46 0,
84 -44 0,
84 -42 0,
84 -40 0,
84 -38 0,
84 -36 0,
84 -34 0,
84 -32 0,
84 -30 0,
84 -28 0,
84 -26 0,
84 -24 0,
84 -22 0,
84 -20 0,
84 -18 0,
84 -16 0,
84 -14 0,
84 -12 0,
84 -10 0,
84 -8 0,
84 -6 0,
84 -4 0,
84 -2 0,
84 0 0,
84 2 0,
84 4 0,
84 6 0,
84 8 0,
84 10 0,
84 12 0,
84 14 0,
84 16 0,
84 18 0,
84 20 0,
84 22 0,
84 24 0,
84 26 0,
84 28 0,
84 30 0,
84 32 0,
84 34 0,
84 36 0,
84 38 0,
84 40 0,
84 42 0,
84 44 0,
84 46 0,
84 48 0,
84 50 0,
84 52 0,
84 54 0,
84 56 0,
84 58 0,
84 60 0,
84 62 0,
84 64 0,
84 66 0,
84 68 0,
84 70 0,
84 72 0,
84 74 0,
84 76 0,
84 78 0,
84 80 0,
84 82 0,
84 84 0,
84 86 0,
84 88 0,
84 90 0,
86 -90 0,
86 -88 0,
86 -86 0,
86 -84 0,
86 -82 0,
86 -80 0,
86 -78 0,
86 -76 0,
86 -74 0,
86 -72 0,
86 -70 0,
86 -68 0,
86 -66 0,
86 -64 0,
86 -62 0,
86 -60 0,
86 -58 0,
86 -56 0,
86 -54 0,
86 -52 0,
86 -50 0,
86 -48 0,
86 -46 0,
86 -44 0,
86 -42 0,
86 -40 0,
86 -38 0,
86 -36 0,
86 -34 0,
86 -32 0,
86 -30 0,
86 -28 0,
86 -26 0,
86 -24 0,
86 -22 0,
86 -20 0,
86 -18 0,
86 -16 0,
86 -14 0,
86 -12 0,
86 -10 0,
86 -8 0,
86 -6 0,
86 -4 0,
86 -2 0,
86 0 0,
86 2 0,
86 4 0,
86 6 0,
86 8 0,
86 10 0,
86 12 0,
86 14 0,
86 16 0,
86 18 0,
86 20 0,
86 22 0,
86 24 0,
86 26 0,
86 28 0,
86 30 0,
86 32 0,
86 34 0,
86 36 0,
86 38 0,
86 40 0,
86 42 0,
86 44 0,
86 46 0,
86 48 0,
86 50 0,
86 52 0,
86 54 0,
86 56 0,
86 58 0,
86 60 0,
86 62 0,
86 64 0,
86 66 0,
86 68 0,
86 70 0,
86 72 0,
86 74 0,
86 76 0,
86 78 0,
86 80 0,
86 82 0,
86 84 0,
86 86 0,
86 88 0,
86 90 0,
88 -90 0,
88 -88 0,
88 -86 0,
88 -84 0,
88 -82 0,
88 -80 0,
88 -78 0,
88 -76 0,
88 -74 0,
88 -72 0,
88 -70 0,
88 -68 0,
88 -66 0,
88 -64 0,
88 -62 0,
88 -60 0,
88 -58 0,
88 -56 0,
88 -54 0,
88 -52 0,
88 -50 0,
88 -48 0,
88 -46 0,
88 -44 0,
88 -42 0,
88 -40 0,
88 -38 0,
88 -36 0,
88 -34 0,
88 -32 0,
88 -30 0,
88 -28 0,
88 -26 0,
88 -24 0,
88 -22 0,
88 -20 0,
88 -18 0,
88 -16 0,
88 -14 0,
88 -12 0,
88 -10 0,
88 -8 0,
88 -6 0,
88 -4 0,
88 -2 0,
88 0 0,
88 2 0,
88 4 0,
88 6 0,
88 8 0,
88 10 0,
88 12 0,
88 14 0,
88 16 0,
88 18 0,
88 20 0,
88 22 0,
88 24 0,
88 26 0,
88 28 0,
88 30 0,
88 32 0,
88 34 0,
88 36 0,
88 38 0,
88 40 0,
88 42 0,
88 44 0,
88 46 0,
88 48 0,
88 50 0,
88 52 0,
88 54 0,
88 56 0,
88 58 0,
88 60 0,
88 62 0,
88 64 0,
88 66 0,
88 68 0,
88 70 0,
88 72 0,
88 74 0,
88 76 0,
88 78 0,
88 80 0,
88 82 0,
88 84 0,
88 86 0,
88 88 0,
88 90 0,
90 -90 0,
90 -88 0,
90 -86 0,
90 -84 0,
90 -82 0,
90 -80 0,
90 -78 0,
90 -76 0,
90 -74 0,
90 -72 0,
90 -70 0,
90 -68 0,
90 -66 0,
90 -64 0,
90 -62 0,
90 -60 0,
90 -58 0,
90 -56 0,
90 -54 0,
90 -52 0,
90 -50 0,
90 -48 0,
90 -46 0,
90 -44 0,
90 -42 0,
90 -40 0,
90 -38 0,
90 -36 0,
90 -34 0,
90 -32 0,
90 -30 0,
90 -28 0,
90 -26 0,
90 -24 0,
90 -22 0,
90 -20 0,
90 -18 0,
90 -16 0,
90 -14 0,
90 -12 0,
90 -10 0,
90 -8 0,
90 -6 0,
90 -4 0,
90 -2 0,
90 0 0,
90 2 0,
90 4 0,
90 6 0,
90 8 0,
90 10 0,
90 12 0,
90 14 0,
90 16 0,
90 18 0,
90 20 0,
90 22 0,
90 24 0,
90 26 0,
90 28 0,
90 30 0,
90 32 0,
90 34 0,
90 36 0,
90 38 0,
90 40 0,
90 42 0,
90 44 0,
90 46 0,
90 48 0,
90 50 0,
90 52 0,
90 54 0,
90 56 0,
90 58 0,
90 60 0,
90 62 0,
90 64 0,
90 66 0,
90 68 0,
90 70 0,
90 72 0,
90 74 0,
90 76 0,
90 78 0,
90 80 0,
90 82 0,
90 84 0,
90 86 0,
90 88 0,
90 90 0,
92 -90 0,
92 -88 0,
92 -86 0,
92 -84 0,
92 -82 0,
92 -80 0,
92 -78 0,
92 -76 0,
92 -74 0,
92 -72 0,
92 -70 0,
92 -68 0,
92 -66 0,
92 -64 0,
92 -62 0,
92 -60 0,
92 -58 0,
92 -56 0,
92 -54 0,
92 -52 0,
92 -50 0,
92 -48 0,
92 -46 0,
92 -44 0,
92 -42 0,
92 -40 0,
92 -38 0,
92 -36 0,
92 -34 0,
92 -32 0,
92 -30 0,
92 -28 0,
92 -26 0,
92 -24 0,
92 -22 0,
92 -20 0,
92 -18 0,
92 -16 0,
92 -14 0,
92 -12 0,
92 -10 0,
92 -8 0,
92 -6 0,
92 -4 0,
92 -2 0,
92 0 0,
92 2 0,
92 4 0,
92 6 0,
92 8 0,
92 10 0,
92 12 0,
92 14 0,
92 16 0,
92 18 0,
92 20 0,
92 22 0,
92 24 0,
92 26 0,
92 28 0,
92 30 0,
92 32 0,
92 34 0,
92 36 0,
92 38 0,
92 40 0,
92 42 0,
92 44 0,
92 46 0,
92 48 0,
92 50 0,
92 52 0,
92 54 0,
92 56 0,
92 58 0,
92 60 0,
92 62 0,
92 64 0,
92 66 0,
92 68 0,
92 70 0,
92 72 0,
92 74 0,
92 76 0,
92 78 0,
92 80 0,
92 82 0,
92 84 0,
92 86 0,
92 88 0,
92 90 0,
94 -90 0,
94 -88 0,
94 -86 0,
94 -84 0,
94 -82 0,
94 -80 0,
94 -78 0,
94 -76 0,
94 -74 0,
94 -72 0,
94 -70 0,
94 -68 0,
94 -66 0,
94 -64 0,
94 -62 0,
94 -60 0,
94 -58 0,
94 -56 0,
94 -54 0,
94 -52 0,
94 -50 0,
94 -48 0,
94 -46 0,
94 -44 0,
94 -42 0,
94 -40 0,
94 -38 0,
94 -36 0,
94 -34 0,
94 -32 0,
94 -30 0,
94 -28 0,
94 -26 0,
94 -24 0,
94 -22 0,
94 -20 0,
94 -18 0,
94 -16 0,
94 -14 0,
94 -12 0,
94 -10 0,
94 -8 0,
94 -6 0,
94 -4 0,
94 -2 0,
94 0 0,
94 2 0,
94 4 0,
94 6 0,
94 8 0,
94 10 0,
94 12 0,
94 14 0,
94 16 0,
94 18 0,
94 20 0,
94 22 0,
94 24 0,
94 26 0,
94 28 0,
94 30 0,
94 32 0,
94 34 0,
94 36 0,
94 38 0,
94 40 0,
94 42 0,
94 44 0,
94 46 0,
94 48 0,
94 50 0,
94 52 0,
94 54 0,
94 56 0,
94 58 0,
94 60 0,
94 62 0,
94 64 0,
94 66 0,
94 68 0,
94 70 0,
94 72 0,
94 74 0,
94 76 0,
94 78 0,
94 80 0,
94 82 0,
94 84 0,
94 86 0,
94 88 0,
94 90 0,
96 -90 0,
96 -88 0,
96 -86 0,
96 -84 0,
96 -82 0,
96 -80 0,
96 -78 0,
96 -76 0,
96 -74 0,
96 -72 0,
96 -70 0,
96 -68 0,
96 -66 0,
96 -64 0,
96 -62 0,
96 -60 0,
96 -58 0,
96 -56 0,
96 -54 0,
96 -52 0,
96 -50 0,
96 -48 0,
96 -46 0,
96 -44 0,
96 -42 0,
96 -40 0,
96 -38 0,
96 -36 0,
96 -34 0,
96 -32 0,
96 -30 0,
96 -28 0,
96 -26 0,
96 -24 0,
96 -22 0,
96 -20 0,
96 -18 0,
96 -16 0,
96 -14 0,
96 -12 0,
96 -10 0,
96 -8 0,
96 -6 0,
96 -4 0,
96 -2 0,
96 0 0,
96 2 0,
96 4 0,
96 6 0,
96 8 0,
96 10 0,
96 12 0,
96 14 0,
96 16 0,
96 18 0,
96 20 0,
96 22 0,
96 24 0,
96 26 0,
96 28 0,
96 30 0,
96 32 0,
96 34 0,
96 36 0,
96 38 0,
96 40 0,
96 42 0,
96 44 0,
96 46 0,
96 48 0,
96 50 0,
96 52 0,
96 54 0,
96 56 0,
96 58 0,
96 60 0,
96 62 0,
96 64 0,
96 66 0,
96 68 0,
96 70 0,
96 72 0,
96 74 0,
96 76 0,
96 78 0,
96 80 0,
96 82 0,
96 84 0,
96 86 0,
96 88 0,
96 90 0,
98 -90 0,
98 -88 0,
98 -86 0,
98 -84 0,
98 -82 0,
98 -80 0,
98 -78 0,
98 -76 0,
98 -74 0,
98 -72 0,
98 -70 0,
98 -68 0,
98 -66 0,
98 -64 0,
98 -62 0,
98 -60 0,
98 -58 0,
98 -56 0,
98 -54 0,
98 -52 0,
98 -50 0,
98 -48 0,
98 -46 0,
98 -44 0,
98 -42 0,
98 -40 0,
98 -38 0,
98 -36 0,
98 -34 0,
98 -32 0,
98 -30 0,
98 -28 0,
98 -26 0,
98 -24 0,
98 -22 0,
98 -20 0,
98 -18 0,
98 -16 0,
98 -14 0,
98 -12 0,
98 -10 0,
98 -8 0,
98 -6 0,
98 -4 0,
98 -2 0,
98 0 0,
98 2 0,
98 4 0,
98 6 0,
98 8 0,
98 10 0,
98 12 0,
98 14 0,
98 16 0,
98 18 0,
98 20 0,
98 22 0,
98 24 0,
98 26 0,
98 28 0,
98 30 0,
98 32 0,
98 34 0,
98 36 0,
98 38 0,
98 40 0,
98 42 0,
98 44 0,
98 46 0,
98 48 0,
98 50 0,
98 52 0,
98 54 0,
98 56 0,
98 58 0,
98 60 0,
98 62 0,
98 64 0,
98 66 0,
98 68 0,
98 70 0,
98 72 0,
98 74 0,
98 76 0,
98 78 0,
98 80 0,
98 82 0,
98 84 0,
98 86 0,
98 88 0,
98 90 0,
100 -90 0,
100 -88 0,
100 -86 0,
100 -84 0,
100 -82 0,
100 -80 0,
100 -78 0,
100 -76 0,
100 -74 0,
100 -72 0,
100 -70 0,
100 -68 0,
100 -66 0,
100 -64 0,
100 -62 0,
100 -60 0,
100 -58 0,
100 -56 0,
100 -54 0,
100 -52 0,
100 -50 0,
100 -48 0,
100 -46 0,
100 -44 0,
100 -42 0,
100 -40 0,
100 -38 0,
100 -36 0,
100 -34 0,
100 -32 0,
100 -30 0,
100 -28 0,
100 -26 0,
100 -24 0,
100 -22 0,
100 -20 0,
100 -18 0,
100 -16 0,
100 -14 0,
100 -12 0,
100 -10 0,
100 -8 0,
100 -6 0,
100 -4 0,
100 -2 0,
100 0 0,
100 2 0,
100 4 0,
100 6 0,
100 8 0,
100 10 0,
100 12 0,
100 14 0,
100 16 0,
100 18 0,
100 20 0,
100 22 0,
100 24 0,
100 26 0,
100 28 0,
100 30 0,
100 32 0,
100 34 0,
100 36 0,
100 38 0,
100 40 0,
100 42 0,
100 44 0,
100 46 0,
100 48 0,
100 50 0,
100 52 0,
100 54 0,
100 56 0,
100 58 0,
100 60 0,
100 62 0,
100 64 0,
100 66 0,
100 68 0,
100 70 0,
100 72 0,
100 74 0,
100 76 0,
100 78 0,
100 80 0,
100 82 0,
100 84 0,
100 86 0,
100 88 0,
100 90 0,
102 -90 0,
102 -88 0,
102 -86 0,
102 -84 0,
102 -82 0,
102 -80 0,
102 -78 0,
102 -76 0,
102 -74 0,
102 -72 0,
102 -70 0,
102 -68 0,
102 -66 0,
102 -64 0,
102 -62 0,
102 -60 0,
102 -58 0,
102 -56 0,
102 -54 0,
102 -52 0,
102 -50 0,
102 -48 0,
102 -46 0,
102 -44 0,
102 -42 0,
102 -40 0,
102 -38 0,
102 -36 0,
102 -34 0,
102 -32 0,
102 -30 0,
102 -28 0,
102 -26 0,
102 -24 0,
102 -22 0,
102 -20 0,
102 -18 0,
102 -16 0,
102 -14 0,
102 -12 0,
102 -10 0,
102 -8 0,
102 -6 0,
102 -4 0,
102 -2 0,
102 0 0,
102 2 0,
102 4 0,
102 6 0,
102 8 0,
102 10 0,
102 12 0,
102 14 0,
102 16 0,
102 18 0,
102 20 0,
102 22 0,
102 24 0,
102 26 0,
102 28 0,
102 30 0,
102 32 0,
102 34 0,
102 36 0,
102 38 0,
102 40 0,
102 42 0,
102 44 0,
102 46 0,
102 48 0,
102 50 0,
102 52 0,
102 54 0,
102 56 0,
102 58 0,
102 60 0,
102 62 0,
102 64 0,
102 66 0,
102 68 0,
102 70 0,
102 72 0,
102 74 0,
102 76 0,
102 78 0,
102 80 0,
102 82 0,
102 84 0,
102 86 0,
102 88 0,
102 90 0,
104 -90 0,
104 -88 0,
104 -86 0,
104 -84 0,
104 -82 0,
104 -80 0,
104 -78 0,
104 -76 0,
104 -74 0,
104 -72 0,
104 -70 0,
104 -68 0,
104 -66 0,
104 -64 0,
104 -62 0,
104 -60 0,
104 -58 0,
104 -56 0,
104 -54 0,
104 -52 0,
104 -50 0,
104 -48 0,
104 -46 0,
104 -44 0,
104 -42 0,
104 -40 0,
104 -38 0,
104 -36 0,
104 -34 0,
104 -32 0,
104 -30 0,
104 -28 0,
104 -26 0,
104 -24 0,
104 -22 0,
104 -20 0,
104 -18 0,
104 -16 0,
104 -14 0,
104 -12 0,
104 -10 0,
104 -8 0,
104 -6 0,
104 -4 0,
104 -2 0,
104 0 0,
104 2 0,
104 4 0,
104 6 0,
104 8 0,
104 10 0,
104 12 0,
104 14 0,
104 16 0,
104 18 0,
104 20 0,
104 22 0,
104 24 0,
104 26 0,
104 28 0,
104 30 0,
104 32 0,
104 34 0,
104 36 0,
104 38 0,
104 40 0,
104 42 0,
104 44 0,
104 46 0,
104 48 0,
104 50 0,
104 52 0,
104 54 0,
104 56 0,
104 58 0,
104 60 0,
104 62 0,
104 64 0,
104 66 0,
104 68 0,
104 70 0,
104 72 0,
104 74 0,
104 76 0,
104 78 0,
104 80 0,
104 82 0,
104 84 0,
104 86 0,
104 88 0,
104 90 0,
106 -90 0,
106 -88 0,
106 -86 0,
106 -84 0,
106 -82 0,
106 -80 0,
106 -78 0,
106 -76 0,
106 -74 0,
106 -72 0,
106 -70 0,
106 -68 0,
106 -66 0,
106 -64 0,
106 -62 0,
106 -60 0,
106 -58 0,
106 -56 0,
106 -54 0,
106 -52 0,
106 -50 0,
106 -48 0,
106 -46 0,
106 -44 0,
106 -42 0,
106 -40 0,
106 -38 0,
106 -36 0,
106 -34 0,
106 -32 0,
106 -30 0,
106 -28 0,
106 -26 0,
106 -24 0,
106 -22 0,
106 -20 0,
106 -18 0,
106 -16 0,
106 -14 0,
106 -12 0,
106 -10 0,
106 -8 0,
106 -6 0,
106 -4 0,
106 -2 0,
106 0 0,
106 2 0,
106 4 0,
106 6 0,
106 8 0,
106 10 0,
106 12 0,
106 14 0,
106 16 0,
106 18 0,
106 20 0,
106 22 0,
106 24 0,
106 26 0,
106 28 0,
106 30 0,
106 32 0,
106 34 0,
106 36 0,
106 38 0,
106 40 0,
106 42 0,
106 44 0,
106 46 0,
106 48 0,
106 50 0,
106 52 0,
106 54 0,
106 56 0,
106 58 0,
106 60 0,
106 62 0,
106 64 0,
106 66 0,
106 68 0,
106 70 0,
106 72 0,
106 74 0,
106 76 0,
106 78 0,
106 80 0,
106 82 0,
106 84 0,
106 86 0,
106 88 0,
106 90 0,
108 -90 0,
108 -88 0,
108 -86 0,
108 -84 0,
108 -82 0,
108 -80 0,
108 -78 0,
108 -76 0,
108 -74 0,
108 -72 0,
108 -70 0,
108 -68 0,
108 -66 0,
108 -64 0,
108 -62 0,
108 -60 0,
108 -58 0,
108 -56 0,
108 -54 0,
108 -52 0,
108 -50 0,
108 -48 0,
108 -46 0,
108 -44 0,
108 -42 0,
108 -40 0,
108 -38 0,
108 -36 0,
108 -34 0,
108 -32 0,
108 -30 0,
108 -28 0,
108 -26 0,
108 -24 0,
108 -22 0,
108 -20 0,
108 -18 0,
108 -16 0,
108 -14 0,
108 -12 0,
108 -10 0,
108 -8 0,
108 -6 0,
108 -4 0,
108 -2 0,
108 0 0,
108 2 0,
108 4 0,
108 6 0,
108 8 0,
108 10 0,
108 12 0,
108 14 0,
108 16 0,
108 18 0,
108 20 0,
108 22 0,
108 24 0,
108 26 0,
108 28 0,
108 30 0,
108 32 0,
108 34 0,
108 36 0,
108 38 0,
108 40 0,
108 42 0,
108 44 0,
108 46 0,
108 48 0,
108 50 0,
108 52 0,
108 54 0,
108 56 0,
108 58 0,
108 60 0,
108 62 0,
108 64 0,
108 66 0,
108 68 0,
108 70 0,
108 72 0,
108 74 0,
108 76 0,
108 78 0,
108 80 0,
108 82 0,
108 84 0,
108 86 0,
108 88 0,
108 90 0,
110 -90 0,
110 -88 0,
110 -86 0,
110 -84 0,
110 -82 0,
110 -80 0,
110 -78 0,
110 -76 0,
110 -74 0,
110 -72 0,
110 -70 0,
110 -68 0,
110 -66 0,
110 -64 0,
110 -62 0,
110 -60 0,
110 -58 0,
110 -56 0,
110 -54 0,
110 -52 0,
110 -50 0,
110 -48 0,
110 -46 0,
110 -44 0,
110 -42 0,
110 -40 0,
110 -38 0,
110 -36 0,
110 -34 0,
110 -32 0,
110 -30 0,
110 -28 0,
110 -26 0,
110 -24 0,
110 -22 0,
110 -20 0,
110 -18 0,
110 -16 0,
110 -14 0,
110 -12 0,
110 -10 0,
110 -8 0,
110 -6 0,
110 -4 0,
110 -2 0,
110 0 0,
110 2 0,
110 4 0,
110 6 0,
110 8 0,
110 10 0,
110 12 0,
110 14 0,
110 16 0,
110 18 0,
110 20 0,
110 22 0,
110 24 0,
110 26 0,
110 28 0,
110 30 0,
110 32 0,
110 34 0,
110 36 0,
110 38 0,
110 40 0,
110 42 0,
110 44 0,
110 46 0,
110 48 0,
110 50 0,
110 52 0,
110 54 0,
110 56 0,
110 58 0,
110 60 0,
110 62 0,
110 64 0,
110 66 0,
110 68 0,
110 70 0,
110 72 0,
110 74 0,
110 76 0,
110 78 0,
110 80 0,
110 82 0,
110 84 0,
110 86 0,
110 88 0,
110 90 0,
112 -90 0,
112 -88 0,
112 -86 0,
112 -84 0,
112 -82 0,
112 -80 0,
112 -78 0,
112 -76 0,
112 -74 0,
112 -72 0,
112 -70 0,
112 -68 0,
112 -66 0,
112 -64 0,
112 -62 0,
112 -60 0,
112 -58 0,
112 -56 0,
112 -54 0,
112 -52 0,
112 -50 0,
112 -48 0,
112 -46 0,
112 -44 0,
112 -42 0,
112 -40 0,
112 -38 0,
112 -36 0,
112 -34 0,
112 -32 0,
112 -30 0,
112 -28 0,
112 -26 0,
112 -24 0,
112 -22 0,
112 -20 0,
112 -18 0,
112 -16 0,
112 -14 0,
112 -12 0,
112 -10 0,
112 -8 0,
112 -6 0,
112 -4 0,
112 -2 0,
112 0 0,
112 2 0,
112 4 0,
112 6 0,
112 8 0,
112 10 0,
112 12 0,
112 14 0,
112 16 0,
112 18 0,
112 20 0,
112 22 0,
112 24 0,
112 26 0,
112 28 0,
112 30 0,
112 32 0,
112 34 0,
112 36 0,
112 38 0,
112 40 0,
112 42 0,
112 44 0,
112 46 0,
112 48 0,
112 50 0,
112 52 0,
112 54 0,
112 56 0,
112 58 0,
112 60 0,
112 62 0,
112 64 0,
112 66 0,
112 68 0,
112 70 0,
112 72 0,
112 74 0,
112 76 0,
112 78 0,
112 80 0,
112 82 0,
112 84 0,
112 86 0,
112 88 0,
112 90 0,
114 -90 0,
114 -88 0,
114 -86 0,
114 -84 0,
114 -82 0,
114 -80 0,
114 -78 0,
114 -76 0,
114 -74 0,
114 -72 0,
114 -70 0,
114 -68 0,
114 -66 0,
114 -64 0,
114 -62 0,
114 -60 0,
114 -58 0,
114 -56 0,
114 -54 0,
114 -52 0,
114 -50 0,
114 -48 0,
114 -46 0,
114 -44 0,
114 -42 0,
114 -40 0,
114 -38 0,
114 -36 0,
114 -34 0,
114 -32 0,
114 -30 0,
114 -28 0,
114 -26 0,
114 -24 0,
114 -22 0,
114 -20 0,
114 -18 0,
114 -16 0,
114 -14 0,
114 -12 0,
114 -10 0,
114 -8 0,
114 -6 0,
114 -4 0,
114 -2 0,
114 0 0,
114 2 0,
114 4 0,
114 6 0,
114 8 0,
114 10 0,
114 12 0,
114 14 0,
114 16 0,
114 18 0,
114 20 0,
114 22 0,
114 24 0,
114 26 0,
114 28 0,
114 30 0,
114 32 0,
114 34 0,
114 36 0,
114 38 0,
114 40 0,
114 42 0,
114 44 0,
114 46 0,
114 48 0,
114 50 0,
114 52 0,
114 54 0,
114 56 0,
114 58 0,
114 60 0,
114 62 0,
114 64 0,
114 66 0,
114 68 0,
114 70 0,
114 72 0,
114 74 0,
114 76 0,
114 78 0,
114 80 0,
114 82 0,
114 84 0,
114 86 0,
114 88 0,
114 90 0,
116 -90 0,
116 -88 0,
116 -86 0,
116 -84 0,
116 -82 0,
116 -80 0,
116 -78 0,
116 -76 0,
116 -74 0,
116 -72 0,
116 -70 0,
116 -68 0,
116 -66 0,
116 -64 0,
116 -62 0,
116 -60 0,
116 -58 0,
116 -56 0,
116 -54 0,
116 -52 0,
116 -50 0,
116 -48 0,
116 -46 0,
116 -44 0,
116 -42 0,
116 -40 0,
116 -38 0,
116 -36 0,
116 -34 0,
116 -32 0,
116 -30 0,
116 -28 0,
116 -26 0,
116 -24 0,
116 -22 0,
116 -20 0,
116 -18 0,
116 -16 0,
116 -14 0,
116 -12 0,
116 -10 0,
116 -8 0,
116 -6 0,
116 -4 0,
116 -2 0,
116 0 0,
116 2 0,
116 4 0,
116 6 0,
116 8 0,
116 10 0,
116 12 0,
116 14 0,
116 16 0,
116 18 0,
116 20 0,
116 22 0,
116 24 0,
116 26 0,
116 28 0,
116 30 0,
116 32 0,
116 34 0,
116 36 0,
116 38 0,
116 40 0,
116 42 0,
116 44 0,
116 46 0,
116 48 0,
116 50 0,
116 52 0,
116 54 0,
116 56 0,
116 58 0,
116 60 0,
116 62 0,
116 64 0,
116 66 0,
116 68 0,
116 70 0,
116 72 0,
116 74 0,
116 76 0,
116 78 0,
116 80 0,
116 82 0,
116 84 0,
116 86 0,
116 88 0,
116 90 0,
118 -90 0,
118 -88 0,
118 -86 0,
118 -84 0,
118 -82 0,
118 -80 0,
118 -78 0,
118 -76 0,
118 -74 0,
118 -72 0,
118 -70 0,
118 -68 0,
118 -66 0,
118 -64 0,
118 -62 0,
118 -60 0,
118 -58 0,
118 -56 0,
118 -54 0,
118 -52 0,
118 -50 0,
118 -48 0,
118 -46 0,
118 -44 0,
118 -42 0,
118 -40 0,
118 -38 0,
118 -36 0,
118 -34 0,
118 -32 0,
118 -30 0,
118 -28 0,
118 -26 0,
118 -24 0,
118 -22 0,
118 -20 0,
118 -18 0,
118 -16 0,
118 -14 0,
118 -12 0,
118 -10 0,
118 -8 0,
118 -6 0,
118 -4 0,
118 -2 0,
118 0 0,
118 2 0,
118 4 0,
118 6 0,
118 8 0,
118 10 0,
118 12 0,
118 14 0,
118 16 0,
118 18 0,
118 20 0,
118 22 0,
118 24 0,
118 26 0,
118 28 0,
118 30 0,
118 32 0,
118 34 0,
118 36 0,
118 38 0,
118 40 0,
118 42 0,
118 44 0,
118 46 0,
118 48 0,
118 50 0,
118 52 0,
118 54 0,
118 56 0,
118 58 0,
118 60 0,
118 62 0,
118 64 0,
118 66 0,
118 68 0,
118 70 0,
118 72 0,
118 74 0,
118 76 0,
118 78 0,
118 80 0,
118 82 0,
118 84 0,
118 86 0,
118 88 0,
118 90 0,
120 -90 0,
120 -88 0,
120 -86 0,
120 -84 0,
120 -82 0,
120 -80 0,
120 -78 0,
120 -76 0,
120 -74 0,
120 -72 0,
120 -70 0,
120 -68 0,
120 -66 0,
120 -64 0,
120 -62 0,
120 -60 0,
120 -58 0,
120 -56 0,
120 -54 0,
120 -52 0,
120 -50 0,
120 -48 0,
120 -46 0,
120 -44 0,
120 -42 0,
120 -40 0,
120 -38 0,
120 -36 0,
120 -34 0,
120 -32 0,
120 -30 0,
120 -28 0,
120 -26 0,
120 -24 0,
120 -22 0,
120 -20 0,
120 -18 0,
120 -16 0,
120 -14 0,
120 -12 0,
120 -10 0,
120 -8 0,
120 -6 0,
120 -4 0,
120 -2 0,
120 0 0,
120 2 0,
120 4 0,
120 6 0,
120 8 0,
120 10 0,
120 12 0,
120 14 0,
120 16 0,
120 18 0,
120 20 0,
120 22 0,
120 24 0,
120 26 0,
120 28 0,
120 30 0,
120 32 0,
120 34 0,
120 36 0,
120 38 0,
120 40 0,
120 42 0,
120 44 0,
120 46 0,
120 48 0,
120 50 0,
120 52 0,
120 54 0,
120 56 0,
120 58 0,
120 60 0,
120 62 0,
120 64 0,
120 66 0,
120 68 0,
120 70 0,
120 72 0,
120 74 0,
120 76 0,
120 78 0,
120 80 0,
120 82 0,
120 84 0,
120 86 0,
120 88 0,
120 90 0,
122 -90 0,
122 -88 0,
122 -86 0,
122 -84 0,
122 -82 0,
122 -80 0,
122 -78 0,
122 -76 0,
122 -74 0,
122 -72 0,
122 -70 0,
122 -68 0,
122 -66 0,
122 -64 0,
122 -62 0,
122 -60 0,
122 -58 0,
122 -56 0,
122 -54 0,
122 -52 0,
122 -50 0,
122 -48 0,
122 -46 0,
122 -44 0,
122 -42 0,
122 -40 0,
122 -38 0,
122 -36 0,
122 -34 0,
122 -32 0,
122 -30 0,
122 -28 0,
122 -26 0,
122 -24 0,
122 -22 0,
122 -20 0,
122 -18 0,
122 -16 0,
122 -14 0,
122 -12 0,
122 -10 0,
122 -8 0,
122 -6 0,
122 -4 0,
122 -2 0,
122 0 0,
122 2 0,
122 4 0,
122 6 0,
122 8 0,
122 10 0,
122 12 0,
122 14 0,
122 16 0,
122 18 0,
122 20 0,
122 22 0,
122 24 0,
122 26 0,
122 28 0,
122 30 0,
122 32 0,
122 34 0,
122 36 0,
122 38 0,
122 40 0,
122 42 0,
122 44 0,
122 46 0,
122 48 0,
122 50 0,
122 52 0,
122 54 0,
122 56 0,
122 58 0,
122 60 0,
122 62 0,
122 64 0,
122 66 0,
122 68 0,
122 70 0,
122 72 0,
122 74 0,
122 76 0,
122 78 0,
122 80 0,
122 82 0,
122 84 0,
122 86 0,
122 88 0,
122 90 0,
124 -90 0,
124 -88 0,
124 -86 0,
124 -84 0,
124 -82 0,
124 -80 0,
124 -78 0,
124 -76 0,
124 -74 0,
124 -72 0,
124 -70 0,
124 -68 0,
124 -66 0,
124 -64 0,
124 -62 0,
124 -60 0,
124 -58 0,
124 -56 0,
124 -54 0,
124 -52 0,
124 -50 0,
124 -48 0,
124 -46 0,
124 -44 0,
124 -42 0,
124 -40 0,
124 -38 0,
124 -36 0,
124 -34 0,
124 -32 0,
124 -30 0,
124 -28 0,
124 -26 0,
124 -24 0,
124 -22 0,
124 -20 0,
124 -18 0,
124 -16 0,
124 -14 0,
124 -12 0,
124 -10 0,
124 -8 0,
124 -6 0,
124 -4 0,
124 -2 0,
124 0 0,
124 2 0,
124 4 0,
124 6 0,
124 8 0,
124 10 0,
124 12 0,
124 14 0,
124 16 0,
124 18 0,
124 20 0,
124 22 0,
124 24 0,
124 26 0,
124 28 0,
124 30 0,
124 32 0,
124 34 0,
124 36 0,
124 38 0,
124 40 0,
124 42 0,
124 44 0,
124 46 0,
124 48 0,
124 50 0,
124 52 0,
124 54 0,
124 56 0,
124 58 0,
124 60 0,
124 62 0,
124 64 0,
124 66 0,
124 68 0,
124 70 0,
124 72 0,
124 74 0,
124 76 0,
124 78 0,
124 80 0,
124 82 0,
124 84 0,
124 86 0,
124 88 0,
124 90 0,
126 -90 0,
126 -88 0,
126 -86 0,
126 -84 0,
126 -82 0,
126 -80 0,
126 -78 0,
126 -76 0,
126 -74 0,
126 -72 0,
126 -70 0,
126 -68 0,
126 -66 0,
126 -64 0,
126 -62 0,
126 -60 0,
126 -58 0,
126 -56 0,
126 -54 0,
126 -52 0,
126 -50 0,
126 -48 0,
126 -46 0,
126 -44 0,
126 -42 0,
126 -40 0,
126 -38 0,
126 -36 0,
126 -34 0,
126 -32 0,
126 -30 0,
126 -28 0,
126 -26 0,
126 -24 0,
126 -22 0,
126 -20 0,
126 -18 0,
126 -16 0,
126 -14 0,
126 -12 0,
126 -10 0,
126 -8 0,
126 -6 0,
126 -4 0,
126 -2 0,
126 0 0,
126 2 0,
126 4 0,
126 6 0,
126 8 0,
126 10 0,
126 12 0,
126 14 0,
126 16 0,
126 18 0,
126 20 0,
126 22 0,
126 24 0,
126 26 0,
126 28 0,
126 30 0,
126 32 0,
126 34 0,
126 36 0,
126 38 0,
126 40 0,
126 42 0,
126 44 0,
126 46 0,
126 48 0,
126 50 0,
126 52 0,
126 54 0,
126 56 0,
126 58 0,
126 60 0,
126 62 0,
126 64 0,
126 66 0,
126 68 0,
126 70 0,
126 72 0,
126 74 0,
126 76 0,
126 78 0,
126 80 0,
126 82 0,
126 84 0,
126 86 0,
126 88 0,
126 90 0,
128 -90 0,
128 -88 0,
128 -86 0,
128 -84 0,
128 -82 0,
128 -80 0,
128 -78 0,
128 -76 0,
128 -74 0,
128 -72 0,
128 -70 0,
128 -68 0,
128 -66 0,
128 -64 0,
128 -62 0,
128 -60 0,
128 -58 0,
128 -56 0,
128 -54 0,
128 -52 0,
128 -50 0,
128 -48 0,
128 -46 0,
128 -44 0,
128 -42 0,
128 -40 0,
128 -38 0,
128 -36 0,
128 -34 0,
128 -32 0,
128 -30 0,
128 -28 0,
128 -26 0,
128 -24 0,
128 -22 0,
128 -20 0,
128 -18 0,
128 -16 0,
128 -14 0,
128 -12 0,
128 -10 0,
128 -8 0,
128 -6 0,
128 -4 0,
128 -2 0,
128 0 0,
128 2 0,
128 4 0,
128 6 0,
128 8 0,
128 10 0,
128 12 0,
128 14 0,
128 16 0,
128 18 0,
128 20 0,
128 22 0,
128 24 0,
128 26 0,
128 28 0,
128 30 0,
128 32 0,
128 34 0,
128 36 0,
128 38 0,
128 40 0,
128 42 0,
128 44 0,
128 46 0,
128 48 0,
128 50 0,
128 52 0,
128 54 0,
128 56 0,
128 58 0,
128 60 0,
128 62 0,
128 64 0,
128 66 0,
128 68 0,
128 70 0,
128 72 0,
128 74 0,
128 76 0,
128 78 0,
128 80 0,
128 82 0,
128 84 0,
128 86 0,
128 88 0,
128 90 0,
130 -90 0,
130 -88 0,
130 -86 0,
130 -84 0,
130 -82 0,
130 -80 0,
130 -78 0,
130 -76 0,
130 -74 0,
130 -72 0,
130 -70 0,
130 -68 0,
130 -66 0,
130 -64 0,
130 -62 0,
130 -60 0,
130 -58 0,
130 -56 0,
130 -54 0,
130 -52 0,
130 -50 0,
130 -48 0,
130 -46 0,
130 -44 0,
130 -42 0,
130 -40 0,
130 -38 0,
130 -36 0,
130 -34 0,
130 -32 0,
130 -30 0,
130 -28 0,
130 -26 0,
130 -24 0,
130 -22 0,
130 -20 0,
130 -18 0,
130 -16 0,
130 -14 0,
130 -12 0,
130 -10 0,
130 -8 0,
130 -6 0,
130 -4 0,
130 -2 0,
130 0 0,
130 2 0,
130 4 0,
130 6 0,
130 8 0,
130 10 0,
130 12 0,
130 14 0,
130 16 0,
130 18 0,
130 20 0,
130 22 0,
130 24 0,
130 26 0,
130 28 0,
130 30 0,
130 32 0,
130 34 0,
130 36 0,
130 38 0,
130 40 0,
130 42 0,
130 44 0,
130 46 0,
130 48 0,
130 50 0,
130 52 0,
130 54 0,
130 56 0,
130 58 0,
130 60 0,
130 62 0,
130 64 0,
130 66 0,
130 68 0,
130 70 0,
130 72 0,
130 74 0,
130 76 0,
130 78 0,
130 80 0,
130 82 0,
130 84 0,
130 86 0,
130 88 0,
130 90 0,
132 -90 0,
132 -88 0,
132 -86 0,
132 -84 0,
132 -82 0,
132 -80 0,
132 -78 0,
132 -76 0,
132 -74 0,
132 -72 0,
132 -70 0,
132 -68 0,
132 -66 0,
132 -64 0,
132 -62 0,
132 -60 0,
132 -58 0,
132 -56 0,
132 -54 0,
132 -52 0,
132 -50 0,
132 -48 0,
132 -46 0,
132 -44 0,
132 -42 0,
132 -40 0,
132 -38 0,
132 -36 0,
132 -34 0,
132 -32 0,
132 -30 0,
132 -28 0,
132 -26 0,
132 -24 0,
132 -22 0,
132 -20 0,
132 -18 0,
132 -16 0,
132 -14 0,
132 -12 0,
132 -10 0,
132 -8 0,
132 -6 0,
132 -4 0,
132 -2 0,
132 0 0,
132 2 0,
132 4 0,
132 6 0,
132 8 0,
132 10 0,
132 12 0,
132 14 0,
132 16 0,
132 18 0,
132 20 0,
132 22 0,
132 24 0,
132 26 0,
132 28 0,
132 30 0,
132 32 0,
132 34 0,
132 36 0,
132 38 0,
132 40 0,
132 42 0,
132 44 0,
132 46 0,
132 48 0,
132 50 0,
132 52 0,
132 54 0,
132 56 0,
132 58 0,
132 60 0,
132 62 0,
132 64 0,
132 66 0,
132 68 0,
132 70 0,
132 72 0,
132 74 0,
132 76 0,
132 78 0,
132 80 0,
132 82 0,
132 84 0,
132 86 0,
132 88 0,
132 90 0,
134 -90 0,
134 -88 0,
134 -86 0,
134 -84 0,
134 -82 0,
134 -80 0,
134 -78 0,
134 -76 0,
134 -74 0,
134 -72 0,
134 -70 0,
134 -68 0,
134 -66 0,
134 -64 0,
134 -62 0,
134 -60 0,
134 -58 0,
134 -56 0,
134 -54 0,
134 -52 0,
134 -50 0,
134 -48 0,
134 -46 0,
134 -44 0,
134 -42 0,
134 -40 0,
134 -38 0,
134 -36 0,
134 -34 0,
134 -32 0,
134 -30 0,
134 -28 0,
134 -26 0,
134 -24 0,
134 -22 0,
134 -20 0,
134 -18 0,
134 -16 0,
134 -14 0,
134 -12 0,
134 -10 0,
134 -8 0,
134 -6 0,
134 -4 0,
134 -2 0,
134 0 0,
134 2 0,
134 4 0,
134 6 0,
134 8 0,
134 10 0,
134 12 0,
134 14 0,
134 16 0,
134 18 0,
134 20 0,
134 22 0,
134 24 0,
134 26 0,
134 28 0,
134 30 0,
134 32 0,
134 34 0,
134 36 0,
134 38 0,
134 40 0,
134 42 0,
134 44 0,
134 46 0,
134 48 0,
134 50 0,
134 52 0,
134 54 0,
134 56 0,
134 58 0,
134 60 0,
134 62 0,
134 64 0,
134 66 0,
134 68 0,
134 70 0,
134 72 0,
134 74 0,
134 76 0,
134 78 0,
134 80 0,
134 82 0,
134 84 0,
134 86 0,
134 88 0,
134 90 0,
136 -90 0,
136 -88 0,
136 -86 0,
136 -84 0,
136 -82 0,
136 -80 0,
136 -78 0,
136 -76 0,
136 -74 0,
136 -72 0,
136 -70 0,
136 -68 0,
136 -66 0,
136 -64 0,
136 -62 0,
136 -60 0,
136 -58 0,
136 -56 0,
136 -54 0,
136 -52 0,
136 -50 0,
136 -48 0,
136 -46 0,
136 -44 0,
136 -42 0,
136 -40 0,
136 -38 0,
136 -36 0,
136 -34 0,
136 -32 0,
136 -30 0,
136 -28 0,
136 -26 0,
136 -24 0,
136 -22 0,
136 -20 0,
136 -18 0,
136 -16 0,
136 -14 0,
136 -12 0,
136 -10 0,
136 -8 0,
136 -6 0,
136 -4 0,
136 -2 0,
136 0 0,
136 2 0,
136 4 0,
136 6 0,
136 8 0,
136 10 0,
136 12 0,
136 14 0,
136 16 0,
136 18 0,
136 20 0,
136 22 0,
136 24 0,
136 26 0,
136 28 0,
136 30 0,
136 32 0,
136 34 0,
136 36 0,
136 38 0,
136 40 0,
136 42 0,
136 44 0,
136 46 0,
136 48 0,
136 50 0,
136 52 0,
136 54 0,
136 56 0,
136 58 0,
136 60 0,
136 62 0,
136 64 0,
136 66 0,
136 68 0,
136 70 0,
136 72 0,
136 74 0,
136 76 0,
136 78 0,
136 80 0,
136 82 0,
136 84 0,
136 86 0,
136 88 0,
136 90 0,
138 -90 0,
138 -88 0,
138 -86 0,
138 -84 0,
138 -82 0,
138 -80 0,
138 -78 0,
138 -76 0,
138 -74 0,
138 -72 0,
138 -70 0,
138 -68 0,
138 -66 0,
138 -64 0,
138 -62 0,
138 -60 0,
138 -58 0,
138 -56 0,
138 -54 0,
138 -52 0,
138 -50 0,
138 -48 0,
138 -46 0,
138 -44 0,
138 -42 0,
138 -40 0,
138 -38 0,
138 -36 0,
138 -34 0,
138 -32 0,
138 -30 0,
138 -28 0,
138 -26 0,
138 -24 0,
138 -22 0,
138 -20 0,
138 -18 0,
138 -16 0,
138 -14 0,
138 -12 0,
138 -10 0,
138 -8 0,
138 -6 0,
138 -4 0,
138 -2 0,
138 0 0,
138 2 0,
138 4 0,
138 6 0,
138 8 0,
138 10 0,
138 12 0,
138 14 0,
138 16 0,
138 18 0,
138 20 0,
138 22 0,
138 24 0,
138 26 0,
138 28 0,
138 30 0,
138 32 0,
138 34 0,
138 36 0,
138 38 0,
138 40 0,
138 42 0,
138 44 0,
138 46 0,
138 48 0,
138 50 0,
138 52 0,
138 54 0,
138 56 0,
138 58 0,
138 60 0,
138 62 0,
138 64 0,
138 66 0,
138 68 0,
138 70 0,
138 72 0,
138 74 0,
138 76 0,
138 78 0,
138 80 0,
138 82 0,
138 84 0,
138 86 0,
138 88 0,
138 90 0,
140 -90 0,
140 -88 0,
140 -86 0,
140 -84 0,
140 -82 0,
140 -80 0,
140 -78 0,
140 -76 0,
140 -74 0,
140 -72 0,
140 -70 0,
140 -68 0,
140 -66 0,
140 -64 0,
140 -62 0,
140 -60 0,
140 -58 0,
140 -56 0,
140 -54 0,
140 -52 0,
140 -50 0,
140 -48 0,
140 -46 0,
140 -44 0,
140 -42 0,
140 -40 0,
140 -38 0,
140 -36 0,
140 -34 0,
140 -32 0,
140 -30 0,
140 -28 0,
140 -26 0,
140 -24 0,
140 -22 0,
140 -20 0,
140 -18 0,
140 -16 0,
140 -14 0,
140 -12 0,
140 -10 0,
140 -8 0,
140 -6 0,
140 -4 0,
140 -2 0,
140 0 0,
140 2 0,
140 4 0,
140 6 0,
140 8 0,
140 10 0,
140 12 0,
140 14 0,
140 16 0,
140 18 0,
140 20 0,
140 22 0,
140 24 0,
140 26 0,
140 28 0,
140 30 0,
140 32 0,
140 34 0,
140 36 0,
140 38 0,
140 40 0,
140 42 0,
140 44 0,
140 46 0,
140 48 0,
140 50 0,
140 52 0,
140 54 0,
140 56 0,
140 58 0,
140 60 0,
140 62 0,
140 64 0,
140 66 0,
140 68 0,
140 70 0,
140 72 0,
140 74 0,
140 76 0,
140 78 0,
140 80 0,
140 82 0,
140 84 0,
140 86 0,
140 88 0,
140 90 0,
142 -90 0,
142 -88 0,
142 -86 0,
142 -84 0,
142 -82 0,
142 -80 0,
142 -78 0,
142 -76 0,
142 -74 0,
142 -72 0,
142 -70 0,
142 -68 0,
142 -66 0,
142 -64 0,
142 -62 0,
142 -60 0,
142 -58 0,
142 -56 0,
142 -54 0,
142 -52 0,
142 -50 0,
142 -48 0,
142 -46 0,
142 -44 0,
142 -42 0,
142 -40 0,
142 -38 0,
142 -36 0,
142 -34 0,
142 -32 0,
142 -30 0,
142 -28 0,
142 -26 0,
142 -24 0,
142 -22 0,
142 -20 0,
142 -18 0,
142 -16 0,
142 -14 0,
142 -12 0,
142 -10 0,
142 -8 0,
142 -6 0,
142 -4 0,
142 -2 0,
142 0 0,
142 2 0,
142 4 0,
142 6 0,
142 8 0,
142 10 0,
142 12 0,
142 14 0,
142 16 0,
142 18 0,
142 20 0,
142 22 0,
142 24 0,
142 26 0,
142 28 0,
142 30 0,
142 32 0,
142 34 0,
142 36 0,
142 38 0,
142 40 0,
142 42 0,
142 44 0,
142 46 0,
142 48 0,
142 50 0,
142 52 0,
142 54 0,
142 56 0,
142 58 0,
142 60 0,
142 62 0,
142 64 0,
142 66 0,
142 68 0,
142 70 0,
142 72 0,
142 74 0,
142 76 0,
142 78 0,
142 80 0,
142 82 0,
142 84 0,
142 86 0,
142 88 0,
142 90 0,
144 -90 0,
144 -88 0,
144 -86 0,
144 -84 0,
144 -82 0,
144 -80 0,
144 -78 0,
144 -76 0,
144 -74 0,
144 -72 0,
144 -70 0,
144 -68 0,
144 -66 0,
144 -64 0,
144 -62 0,
144 -60 0,
144 -58 0,
144 -56 0,
144 -54 0,
144 -52 0,
144 -50 0,
144 -48 0,
144 -46 0,
144 -44 0,
144 -42 0,
144 -40 0,
144 -38 0,
144 -36 0,
144 -34 0,
144 -32 0,
144 -30 0,
144 -28 0,
144 -26 0,
144 -24 0,
144 -22 0,
144 -20 0,
144 -18 0,
144 -16 0,
144 -14 0,
144 -12 0,
144 -10 0,
144 -8 0,
144 -6 0,
144 -4 0,
144 -2 0,
144 0 0,
144 2 0,
144 4 0,
144 6 0,
144 8 0,
144 10 0,
144 12 0,
144 14 0,
144 16 0,
144 18 0,
144 20 0,
144 22 0,
144 24 0,
144 26 0,
144 28 0,
144 30 0,
144 32 0,
144 34 0,
144 36 0,
144 38 0,
144 40 0,
144 42 0,
144 44 0,
144 46 0,
144 48 0,
144 50 0,
144 52 0,
144 54 0,
144 56 0,
144 58 0,
144 60 0,
144 62 0,
144 64 0,
144 66 0,
144 68 0,
144 70 0,
144 72 0,
144 74 0,
144 76 0,
144 78 0,
144 80 0,
144 82 0,
144 84 0,
144 86 0,
144 88 0,
144 90 0,
146 -90 0,
146 -88 0,
146 -86 0,
146 -84 0,
146 -82 0,
146 -80 0,
146 -78 0,
146 -76 0,
146 -74 0,
146 -72 0,
146 -70 0,
146 -68 0,
146 -66 0,
146 -64 0,
146 -62 0,
146 -60 0,
146 -58 0,
146 -56 0,
146 -54 0,
146 -52 0,
146 -50 0,
146 -48 0,
146 -46 0,
146 -44 0,
146 -42 0,
146 -40 0,
146 -38 0,
146 -36 0,
146 -34 0,
146 -32 0,
146 -30 0,
146 -28 0,
146 -26 0,
146 -24 0,
146 -22 0,
146 -20 0,
146 -18 0,
146 -16 0,
146 -14 0,
146 -12 0,
146 -10 0,
146 -8 0,
146 -6 0,
146 -4 0,
146 -2 0,
146 0 0,
146 2 0,
146 4 0,
146 6 0,
146 8 0,
146 10 0,
146 12 0,
146 14 0,
146 16 0,
146 18 0,
146 20 0,
146 22 0,
146 24 0,
146 26 0,
146 28 0,
146 30 0,
146 32 0,
146 34 0,
146 36 0,
146 38 0,
146 40 0,
146 42 0,
146 44 0,
146 46 0,
146 48 0,
146 50 0,
146 52 0,
146 54 0,
146 56 0,
146 58 0,
146 60 0,
146 62 0,
146 64 0,
146 66 0,
146 68 0,
146 70 0,
146 72 0,
146 74 0,
146 76 0,
146 78 0,
146 80 0,
146 82 0,
146 84 0,
146 86 0,
146 88 0,
146 90 0,
148 -90 0,
148 -88 0,
148 -86 0,
148 -84 0,
148 -82 0,
148 -80 0,
148 -78 0,
148 -76 0,
148 -74 0,
148 -72 0,
148 -70 0,
148 -68 0,
148 -66 0,
148 -64 0,
148 -62 0,
148 -60 0,
148 -58 0,
148 -56 0,
148 -54 0,
148 -52 0,
148 -50 0,
148 -48 0,
148 -46 0,
148 -44 0,
148 -42 0,
148 -40 0,
148 -38 0,
148 -36 0,
148 -34 0,
148 -32 0,
148 -30 0,
148 -28 0,
148 -26 0,
148 -24 0,
148 -22 0,
148 -20 0,
148 -18 0,
148 -16 0,
148 -14 0,
148 -12 0,
148 -10 0,
148 -8 0,
148 -6 0,
148 -4 0,
148 -2 0,
148 0 0,
148 2 0,
148 4 0,
148 6 0,
148 8 0,
148 10 0,
148 12 0,
148 14 0,
148 16 0,
148 18 0,
148 20 0,
148 22 0,
148 24 0,
148 26 0,
148 28 0,
148 30 0,
148 32 0,
148 34 0,
148 36 0,
148 38 0,
148 40 0,
148 42 0,
148 44 0,
148 46 0,
148 48 0,
148 50 0,
148 52 0,
148 54 0,
148 56 0,
148 58 0,
148 60 0,
148 62 0,
148 64 0,
148 66 0,
148 68 0,
148 70 0,
148 72 0,
148 74 0,
148 76 0,
148 78 0,
148 80 0,
148 82 0,
148 84 0,
148 86 0,
148 88 0,
148 90 0,
150 -90 0,
150 -88 0,
150 -86 0,
150 -84 0,
150 -82 0,
150 -80 0,
150 -78 0,
150 -76 0,
150 -74 0,
150 -72 0,
150 -70 0,
150 -68 0,
150 -66 0,
150 -64 0,
150 -62 0,
150 -60 0,
150 -58 0,
150 -56 0,
150 -54 0,
150 -52 0,
150 -50 0,
150 -48 0,
150 -46 0,
150 -44 0,
150 -42 0,
150 -40 0,
150 -38 0,
150 -36 0,
150 -34 0,
150 -32 0,
150 -30 0,
150 -28 0,
150 -26 0,
150 -24 0,
150 -22 0,
150 -20 0,
150 -18 0,
150 -16 0,
150 -14 0,
150 -12 0,
150 -10 0,
150 -8 0,
150 -6 0,
150 -4 0,
150 -2 0,
150 0 0,
150 2 0,
150 4 0,
150 6 0,
150 8 0,
150 10 0,
150 12 0,
150 14 0,
150 16 0,
150 18 0,
150 20 0,
150 22 0,
150 24 0,
150 26 0,
150 28 0,
150 30 0,
150 32 0,
150 34 0,
150 36 0,
150 38 0,
150 40 0,
150 42 0,
150 44 0,
150 46 0,
150 48 0,
150 50 0,
150 52 0,
150 54 0,
150 56 0,
150 58 0,
150 60 0,
150 62 0,
150 64 0,
150 66 0,
150 68 0,
150 70 0,
150 72 0,
150 74 0,
150 76 0,
150 78 0,
150 80 0,
150 82 0,
150 84 0,
150 86 0,
150 88 0,
150 90 0,
152 -90 0,
152 -88 0,
152 -86 0,
152 -84 0,
152 -82 0,
152 -80 0,
152 -78 0,
152 -76 0,
152 -74 0,
152 -72 0,
152 -70 0,
152 -68 0,
152 -66 0,
152 -64 0,
152 -62 0,
152 -60 0,
152 -58 0,
152 -56 0,
152 -54 0,
152 -52 0,
152 -50 0,
152 -48 0,
152 -46 0,
152 -44 0,
152 -42 0,
152 -40 0,
152 -38 0,
152 -36 0,
152 -34 0,
152 -32 0,
152 -30 0,
152 -28 0,
152 -26 0,
152 -24 0,
152 -22 0,
152 -20 0,
152 -18 0,
152 -16 0,
152 -14 0,
152 -12 0,
152 -10 0,
152 -8 0,
152 -6 0,
152 -4 0,
152 -2 0,
152 0 0,
152 2 0,
152 4 0,
152 6 0,
152 8 0,
152 10 0,
152 12 0,
152 14 0,
152 16 0,
152 18 0,
152 20 0,
152 22 0,
152 24 0,
152 26 0,
152 28 0,
152 30 0,
152 32 0,
152 34 0,
152 36 0,
152 38 0,
152 40 0,
152 42 0,
152 44 0,
152 46 0,
152 48 0,
152 50 0,
152 52 0,
152 54 0,
152 56 0,
152 58 0,
152 60 0,
152 62 0,
152 64 0,
152 66 0,
152 68 0,
152 70 0,
152 72 0,
152 74 0,
152 76 0,
152 78 0,
152 80 0,
152 82 0,
152 84 0,
152 86 0,
152 88 0,
152 90 0,
154 -90 0,
154 -88 0,
154 -86 0,
154 -84 0,
154 -82 0,
154 -80 0,
154 -78 0,
154 -76 0,
154 -74 0,
154 -72 0,
154 -70 0,
154 -68 0,
154 -66 0,
154 -64 0,
154 -62 0,
154 -60 0,
154 -58 0,
154 -56 0,
154 -54 0,
154 -52 0,
154 -50 0,
154 -48 0,
154 -46 0,
154 -44 0,
154 -42 0,
154 -40 0,
154 -38 0,
154 -36 0,
154 -34 0,
154 -32 0,
154 -30 0,
154 -28 0,
154 -26 0,
154 -24 0,
154 -22 0,
154 -20 0,
154 -18 0,
154 -16 0,
154 -14 0,
154 -12 0,
154 -10 0,
154 -8 0,
154 -6 0,
154 -4 0,
154 -2 0,
154 0 0,
154 2 0,
154 4 0,
154 6 0,
154 8 0,
154 10 0,
154 12 0,
154 14 0,
154 16 0,
154 18 0,
154 20 0,
154 22 0,
154 24 0,
154 26 0,
154 28 0,
154 30 0,
154 32 0,
154 34 0,
154 36 0,
154 38 0,
154 40 0,
154 42 0,
154 44 0,
154 46 0,
154 48 0,
154 50 0,
154 52 0,
154 54 0,
154 56 0,
154 58 0,
154 60 0,
154 62 0,
154 64 0,
154 66 0,
154 68 0,
154 70 0,
154 72 0,
154 74 0,
154 76 0,
154 78 0,
154 80 0,
154 82 0,
154 84 0,
154 86 0,
154 88 0,
154 90 0,
156 -90 0,
156 -88 0,
156 -86 0,
156 -84 0,
156 -82 0,
156 -80 0,
156 -78 0,
156 -76 0,
156 -74 0,
156 -72 0,
156 -70 0,
156 -68 0,
156 -66 0,
156 -64 0,
156 -62 0,
156 -60 0,
156 -58 0,
156 -56 0,
156 -54 0,
156 -52 0,
156 -50 0,
156 -48 0,
156 -46 0,
156 -44 0,
156 -42 0,
156 -40 0,
156 -38 0,
156 -36 0,
156 -34 0,
156 -32 0,
156 -30 0,
156 -28 0,
156 -26 0,
156 -24 0,
156 -22 0,
156 -20 0,
156 -18 0,
156 -16 0,
156 -14 0,
156 -12 0,
156 -10 0,
156 -8 0,
156 -6 0,
156 -4 0,
156 -2 0,
156 0 0,
156 2 0,
156 4 0,
156 6 0,
156 8 0,
156 10 0,
156 12 0,
156 14 0,
156 16 0,
156 18 0,
156 20 0,
156 22 0,
156 24 0,
156 26 0,
156 28 0,
156 30 0,
156 32 0,
156 34 0,
156 36 0,
156 38 0,
156 40 0,
156 42 0,
156 44 0,
156 46 0,
156 48 0,
156 50 0,
156 52 0,
156 54 0,
156 56 0,
156 58 0,
156 60 0,
156 62 0,
156 64 0,
156 66 0,
156 68 0,
156 70 0,
156 72 0,
156 74 0,
156 76 0,
156 78 0,
156 80 0,
156 82 0,
156 84 0,
156 86 0,
156 88 0,
156 90 0,
158 -90 0,
158 -88 0,
158 -86 0,
158 -84 0,
158 -82 0,
158 -80 0,
158 -78 0,
158 -76 0,
158 -74 0,
158 -72 0,
158 -70 0,
158 -68 0,
158 -66 0,
158 -64 0,
158 -62 0,
158 -60 0,
158 -58 0,
158 -56 0,
158 -54 0,
158 -52 0,
158 -50 0,
158 -48 0,
158 -46 0,
158 -44 0,
158 -42 0,
158 -40 0,
158 -38 0,
158 -36 0,
158 -34 0,
158 -32 0,
158 -30 0,
158 -28 0,
158 -26 0,
158 -24 0,
158 -22 0,
158 -20 0,
158 -18 0,
158 -16 0,
158 -14 0,
158 -12 0,
158 -10 0,
158 -8 0,
158 -6 0,
158 -4 0,
158 -2 0,
158 0 0,
158 2 0,
158 4 0,
158 6 0,
158 8 0,
158 10 0,
158 12 0,
158 14 0,
158 16 0,
158 18 0,
158 20 0,
158 22 0,
158 24 0,
158 26 0,
158 28 0,
158 30 0,
158 32 0,
158 34 0,
158 36 0,
158 38 0,
158 40 0,
158 42 0,
158 44 0,
158 46 0,
158 48 0,
158 50 0,
158 52 0,
158 54 0,
158 56 0,
158 58 0,
158 60 0,
158 62 0,
158 64 0,
158 66 0,
158 68 0,
158 70 0,
158 72 0,
158 74 0,
158 76 0,
158 78 0,
158 80 0,
158 82 0,
158 84 0,
158 86 0,
158 88 0,
158 90 0,
160 -90 0,
160 -88 0,
160 -86 0,
160 -84 0,
160 -82 0,
160 -80 0,
160 -78 0,
160 -76 0,
160 -74 0,
160 -72 0,
160 -70 0,
160 -68 0,
160 -66 0,
160 -64 0,
160 -62 0,
160 -60 0,
160 -58 0,
160 -56 0,
160 -54 0,
160 -52 0,
160 -50 0,
160 -48 0,
160 -46 0,
160 -44 0,
160 -42 0,
160 -40 0,
160 -38 0,
160 -36 0,
160 -34 0,
160 -32 0,
160 -30 0,
160 -28 0,
160 -26 0,
160 -24 0,
160 -22 0,
160 -20 0,
160 -18 0,
160 -16 0,
160 -14 0,
160 -12 0,
160 -10 0,
160 -8 0,
160 -6 0,
160 -4 0,
160 -2 0,
160 0 0,
160 2 0,
160 4 0,
160 6 0,
160 8 0,
160 10 0,
160 12 0,
160 14 0,
160 16 0,
160 18 0,
160 20 0,
160 22 0,
160 24 0,
160 26 0,
160 28 0,
160 30 0,
160 32 0,
160 34 0,
160 36 0,
160 38 0,
160 40 0,
160 42 0,
160 44 0,
160 46 0,
160 48 0,
160 50 0,
160 52 0,
160 54 0,
160 56 0,
160 58 0,
160 60 0,
160 62 0,
160 64 0,
160 66 0,
160 68 0,
160 70 0,
160 72 0,
160 74 0,
160 76 0,
160 78 0,
160 80 0,
160 82 0,
160 84 0,
160 86 0,
160 88 0,
160 90 0,
162 -90 0,
162 -88 0,
162 -86 0,
162 -84 0,
162 -82 0,
162 -80 0,
162 -78 0,
162 -76 0,
162 -74 0,
162 -72 0,
162 -70 0,
162 -68 0,
162 -66 0,
162 -64 0,
162 -62 0,
162 -60 0,
162 -58 0,
162 -56 0,
162 -54 0,
162 -52 0,
162 -50 0,
162 -48 0,
162 -46 0,
162 -44 0,
162 -42 0,
162 -40 0,
162 -38 0,
162 -36 0,
162 -34 0,
162 -32 0,
162 -30 0,
162 -28 0,
162 -26 0,
162 -24 0,
162 -22 0,
162 -20 0,
162 -18 0,
162 -16 0,
162 -14 0,
162 -12 0,
162 -10 0,
162 -8 0,
162 -6 0,
162 -4 0,
162 -2 0,
162 0 0,
162 2 0,
162 4 0,
162 6 0,
162 8 0,
162 10 0,
162 12 0,
162 14 0,
162 16 0,
162 18 0,
162 20 0,
162 22 0,
162 24 0,
162 26 0,
162 28 0,
162 30 0,
162 32 0,
162 34 0,
162 36 0,
162 38 0,
162 40 0,
162 42 0,
162 44 0,
162 46 0,
162 48 0,
162 50 0,
162 52 0,
162 54 0,
162 56 0,
162 58 0,
162 60 0,
162 62 0,
162 64 0,
162 66 0,
162 68 0,
162 70 0,
162 72 0,
162 74 0,
162 76 0,
162 78 0,
162 80 0,
162 82 0,
162 84 0,
162 86 0,
162 88 0,
162 90 0,
164 -90 0,
164 -88 0,
164 -86 0,
164 -84 0,
164 -82 0,
164 -80 0,
164 -78 0,
164 -76 0,
164 -74 0,
164 -72 0,
164 -70 0,
164 -68 0,
164 -66 0,
164 -64 0,
164 -62 0,
164 -60 0,
164 -58 0,
164 -56 0,
164 -54 0,
164 -52 0,
164 -50 0,
164 -48 0,
164 -46 0,
164 -44 0,
164 -42 0,
164 -40 0,
164 -38 0,
164 -36 0,
164 -34 0,
164 -32 0,
164 -30 0,
164 -28 0,
164 -26 0,
164 -24 0,
164 -22 0,
164 -20 0,
164 -18 0,
164 -16 0,
164 -14 0,
164 -12 0,
164 -10 0,
164 -8 0,
164 -6 0,
164 -4 0,
164 -2 0,
164 0 0,
164 2 0,
164 4 0,
164 6 0,
164 8 0,
164 10 0,
164 12 0,
164 14 0,
164 16 0,
164 18 0,
164 20 0,
164 22 0,
164 24 0,
164 26 0,
164 28 0,
164 30 0,
164 32 0,
164 34 0,
164 36 0,
164 38 0,
164 40 0,
164 42 0,
164 44 0,
164 46 0,
164 48 0,
164 50 0,
164 52 0,
164 54 0,
164 56 0,
164 58 0,
164 60 0,
164 62 0,
164 64 0,
164 66 0,
164 68 0,
164 70 0,
164 72 0,
164 74 0,
164 76 0,
164 78 0,
164 80 0,
164 82 0,
164 84 0,
164 86 0,
164 88 0,
164 90 0,
166 -90 0,
166 -88 0,
166 -86 0,
166 -84 0,
166 -82 0,
166 -80 0,
166 -78 0,
166 -76 0,
166 -74 0,
166 -72 0,
166 -70 0,
166 -68 0,
166 -66 0,
166 -64 0,
166 -62 0,
166 -60 0,
166 -58 0,
166 -56 0,
166 -54 0,
166 -52 0,
166 -50 0,
166 -48 0,
166 -46 0,
166 -44 0,
166 -42 0,
166 -40 0,
166 -38 0,
166 -36 0,
166 -34 0,
166 -32 0,
166 -30 0,
166 -28 0,
166 -26 0,
166 -24 0,
166 -22 0,
166 -20 0,
166 -18 0,
166 -16 0,
166 -14 0,
166 -12 0,
166 -10 0,
166 -8 0,
166 -6 0,
166 -4 0,
166 -2 0,
166 0 0,
166 2 0,
166 4 0,
166 6 0,
166 8 0,
166 10 0,
166 12 0,
166 14 0,
166 16 0,
166 18 0,
166 20 0,
166 22 0,
166 24 0,
166 26 0,
166 28 0,
166 30 0,
166 32 0,
166 34 0,
166 36 0,
166 38 0,
166 40 0,
166 42 0,
166 44 0,
166 46 0,
166 48 0,
166 50 0,
166 52 0,
166 54 0,
166 56 0,
166 58 0,
166 60 0,
166 62 0,
166 64 0,
166 66 0,
166 68 0,
166 70 0,
166 72 0,
166 74 0,
166 76 0,
166 78 0,
166 80 0,
166 82 0,
166 84 0,
166 86 0,
166 88 0,
166 90 0,
168 -90 0,
168 -88 0,
168 -86 0,
168 -84 0,
168 -82 0,
168 -80 0,
168 -78 0,
168 -76 0,
168 -74 0,
168 -72 0,
168 -70 0,
168 -68 0,
168 -66 0,
168 -64 0,
168 -62 0,
168 -60 0,
168 -58 0,
168 -56 0,
168 -54 0,
168 -52 0,
168 -50 0,
168 -48 0,
168 -46 0,
168 -44 0,
168 -42 0,
168 -40 0,
168 -38 0,
168 -36 0,
168 -34 0,
168 -32 0,
168 -30 0,
168 -28 0,
168 -26 0,
168 -24 0,
168 -22 0,
168 -20 0,
168 -18 0,
168 -16 0,
168 -14 0,
168 -12 0,
168 -10 0,
168 -8 0,
168 -6 0,
168 -4 0,
168 -2 0,
168 0 0,
168 2 0,
168 4 0,
168 6 0,
168 8 0,
168 10 0,
168 12 0,
168 14 0,
168 16 0,
168 18 0,
168 20 0,
168 22 0,
168 24 0,
168 26 0,
168 28 0,
168 30 0,
168 32 0,
168 34 0,
168 36 0,
168 38 0,
168 40 0,
168 42 0,
168 44 0,
168 46 0,
168 48 0,
168 50 0,
168 52 0,
168 54 0,
168 56 0,
168 58 0,
168 60 0,
168 62 0,
168 64 0,
168 66 0,
168 68 0,
168 70 0,
168 72 0,
168 74 0,
168 76 0,
168 78 0,
168 80 0,
168 82 0,
168 84 0,
168 86 0,
168 88 0,
168 90 0,
170 -90 0,
170 -88 0,
170 -86 0,
170 -84 0,
170 -82 0,
170 -80 0,
170 -78 0,
170 -76 0,
170 -74 0,
170 -72 0,
170 -70 0,
170 -68 0,
170 -66 0,
170 -64 0,
170 -62 0,
170 -60 0,
170 -58 0,
170 -56 0,
170 -54 0,
170 -52 0,
170 -50 0,
170 -48 0,
170 -46 0,
170 -44 0,
170 -42 0,
170 -40 0,
170 -38 0,
170 -36 0,
170 -34 0,
170 -32 0,
170 -30 0,
170 -28 0,
170 -26 0,
170 -24 0,
170 -22 0,
170 -20 0,
170 -18 0,
170 -16 0,
170 -14 0,
170 -12 0,
170 -10 0,
170 -8 0,
170 -6 0,
170 -4 0,
170 -2 0,
170 0 0,
170 2 0,
170 4 0,
170 6 0,
170 8 0,
170 10 0,
170 12 0,
170 14 0,
170 16 0,
170 18 0,
170 20 0,
170 22 0,
170 24 0,
170 26 0,
170 28 0,
170 30 0,
170 32 0,
170 34 0,
170 36 0,
170 38 0,
170 40 0,
170 42 0,
170 44 0,
170 46 0,
170 48 0,
170 50 0,
170 52 0,
170 54 0,
170 56 0,
170 58 0,
170 60 0,
170 62 0,
170 64 0,
170 66 0,
170 68 0,
170 70 0,
170 72 0,
170 74 0,
170 76 0,
170 78 0,
170 80 0,
170 82 0,
170 84 0,
170 86 0,
170 88 0,
170 90 0,
172 -90 0,
172 -88 0,
172 -86 0,
172 -84 0,
172 -82 0,
172 -80 0,
172 -78 0,
172 -76 0,
172 -74 0,
172 -72 0,
172 -70 0,
172 -68 0,
172 -66 0,
172 -64 0,
172 -62 0,
172 -60 0,
172 -58 0,
172 -56 0,
172 -54 0,
172 -52 0,
172 -50 0,
172 -48 0,
172 -46 0,
172 -44 0,
172 -42 0,
172 -40 0,
172 -38 0,
172 -36 0,
172 -34 0,
172 -32 0,
172 -30 0,
172 -28 0,
172 -26 0,
172 -24 0,
172 -22 0,
172 -20 0,
172 -18 0,
172 -16 0,
172 -14 0,
172 -12 0,
172 -10 0,
172 -8 0,
172 -6 0,
172 -4 0,
172 -2 0,
172 0 0,
172 2 0,
172 4 0,
172 6 0,
172 8 0,
172 10 0,
172 12 0,
172 14 0,
172 16 0,
172 18 0,
172 20 0,
172 22 0,
172 24 0,
172 26 0,
172 28 0,
172 30 0,
172 32 0,
172 34 0,
172 36 0,
172 38 0,
172 40 0,
172 42 0,
172 44 0,
172 46 0,
172 48 0,
172 50 0,
172 52 0,
172 54 0,
172 56 0,
172 58 0,
172 60 0,
172 62 0,
172 64 0,
172 66 0,
172 68 0,
172 70 0,
172 72 0,
172 74 0,
172 76 0,
172 78 0,
172 80 0,
172 82 0,
172 84 0,
172 86 0,
172 88 0,
172 90 0,
174 -90 0,
174 -88 0,
174 -86 0,
174 -84 0,
174 -82 0,
174 -80 0,
174 -78 0,
174 -76 0,
174 -74 0,
174 -72 0,
174 -70 0,
174 -68 0,
174 -66 0,
174 -64 0,
174 -62 0,
174 -60 0,
174 -58 0,
174 -56 0,
174 -54 0,
174 -52 0,
174 -50 0,
174 -48 0,
174 -46 0,
174 -44 0,
174 -42 0,
174 -40 0,
174 -38 0,
174 -36 0,
174 -34 0,
174 -32 0,
174 -30 0,
174 -28 0,
174 -26 0,
174 -24 0,
174 -22 0,
174 -20 0,
174 -18 0,
174 -16 0,
174 -14 0,
174 -12 0,
174 -10 0,
174 -8 0,
174 -6 0,
174 -4 0,
174 -2 0,
174 0 0,
174 2 0,
174 4 0,
174 6 0,
174 8 0,
174 10 0,
174 12 0,
174 14 0,
174 16 0,
174 18 0,
174 20 0,
174 22 0,
174 24 0,
174 26 0,
174 28 0,
174 30 0,
174 32 0,
174 34 0,
174 36 0,
174 38 0,
174 40 0,
174 42 0,
174 44 0,
174 46 0,
174 48 0,
174 50 0,
174 52 0,
174 54 0,
174 56 0,
174 58 0,
174 60 0,
174 62 0,
174 64 0,
174 66 0,
174 68 0,
174 70 0,
174 72 0,
174 74 0,
174 76 0,
174 78 0,
174 80 0,
174 82 0,
174 84 0,
174 86 0,
174 88 0,
174 90 0,
176 -90 0,
176 -88 0,
176 -86 0,
176 -84 0,
176 -82 0,
176 -80 0,
176 -78 0,
176 -76 0,
176 -74 0,
176 -72 0,
176 -70 0,
176 -68 0,
176 -66 0,
176 -64 0,
176 -62 0,
176 -60 0,
176 -58 0,
176 -56 0,
176 -54 0,
176 -52 0,
176 -50 0,
176 -48 0,
176 -46 0,
176 -44 0,
176 -42 0,
176 -40 0,
176 -38 0,
176 -36 0,
176 -34 0,
176 -32 0,
176 -30 0,
176 -28 0,
176 -26 0,
176 -24 0,
176 -22 0,
176 -20 0,
176 -18 0,
176 -16 0,
176 -14 0,
176 -12 0,
176 -10 0,
176 -8 0,
176 -6 0,
176 -4 0,
176 -2 0,
176 0 0,
176 2 0,
176 4 0,
176 6 0,
176 8 0,
176 10 0,
176 12 0,
176 14 0,
176 16 0,
176 18 0,
176 20 0,
176 22 0,
176 24 0,
176 26 0,
176 28 0,
176 30 0,
176 32 0,
176 34 0,
176 36 0,
176 38 0,
176 40 0,
176 42 0,
176 44 0,
176 46 0,
176 48 0,
176 50 0,
176 52 0,
176 54 0,
176 56 0,
176 58 0,
176 60 0,
176 62 0,
176 64 0,
176 66 0,
176 68 0,
176 70 0,
176 72 0,
176 74 0,
176 76 0,
176 78 0,
176 80 0,
176 82 0,
176 84 0,
176 86 0,
176 88 0,
176 90 0,
178 -90 0,
178 -88 0,
178 -86 0,
178 -84 0,
178 -82 0,
178 -80 0,
178 -78 0,
178 -76 0,
178 -74 0,
178 -72 0,
178 -70 0,
178 -68 0,
178 -66 0,
178 -64 0,
178 -62 0,
178 -60 0,
178 -58 0,
178 -56 0,
178 -54 0,
178 -52 0,
178 -50 0,
178 -48 0,
178 -46 0,
178 -44 0,
178 -42 0,
178 -40 0,
178 -38 0,
178 -36 0,
178 -34 0,
178 -32 0,
178 -30 0,
178 -28 0,
178 -26 0,
178 -24 0,
178 -22 0,
178 -20 0,
178 -18 0,
178 -16 0,
178 -14 0,
178 -12 0,
178 -10 0,
178 -8 0,
178 -6 0,
178 -4 0,
178 -2 0,
178 0 0,
178 2 0,
178 4 0,
178 6 0,
178 8 0,
178 10 0,
178 12 0,
178 14 0,
178 16 0,
178 18 0,
178 20 0,
178 22 0,
178 24 0,
178 26 0,
178 28 0,
178 30 0,
178 32 0,
178 34 0,
178 36 0,
178 38 0,
178 40 0,
178 42 0,
178 44 0,
178 46 0,
178 48 0,
178 50 0,
178 52 0,
178 54 0,
178 56 0,
178 58 0,
178 60 0,
178 62 0,
178 64 0,
178 66 0,
178 68 0,
178 70 0,
178 72 0,
178 74 0,
178 76 0,
178 78 0,
178 80 0,
178 82 0,
178 84 0,
178 86 0,
178 88 0,
178 90 0,
180 -90 0,
180 -88 0,
180 -86 0,
180 -84 0,
180 -82 0,
180 -80 0,
180 -78 0,
180 -76 0,
180 -74 0,
180 -72 0,
180 -70 0,
180 -68 0,
180 -66 0,
180 -64 0,
180 -62 0,
180 -60 0,
180 -58 0,
180 -56 0,
180 -54 0,
180 -52 0,
180 -50 0,
180 -48 0,
180 -46 0,
180 -44 0,
180 -42 0,
180 -40 0,
180 -38 0,
180 -36 0,
180 -34 0,
180 -32 0,
180 -30 0,
180 -28 0,
180 -26 0,
180 -24 0,
180 -22 0,
180 -20 0,
180 -18 0,
180 -16 0,
180 -14 0,
180 -12 0,
180 -10 0,
180 -8 0,
180 -6 0,
180 -4 0,
180 -2 0,
180 0 0,
180 2 0,
180 4 0,
180 6 0,
180 8 0,
180 10 0,
180 12 0,
180 14 0,
180 16 0,
180 18 0,
180 20 0,
180 22 0,
180 24 0,
180 26 0,
180 28 0,
180 30 0,
180 32 0,
180 34 0,
180 36 0,
180 38 0,
180 40 0,
180 42 0,
180 44 0,
180 46 0,
180 48 0,
180 50 0,
180 52 0,
180 54 0,
180 56 0,
180 58 0,
180 60 0,
180 62 0,
180 64 0,
180 66 0,
180 68 0,
180 70 0,
180 72 0,
180 74 0,
180 76 0,
180 78 0,
180 80 0,
180 82 0,
180 84 0,
180 86 0,
180 88 0,
180 90 0